image_id,abs_image_path,Sampling_Date,State,Species,Pre_GSHH_NDVI,Height_Ave_cm,year,month,day_of_year,month_sin,month_cos,day_of_year_sin,day_of_year_cos,State_encoded,Species_encoded,Dry_Green_g,Dry_Dead_g,Dry_Clover_g,GDM_g,Dry_Total_g,fold,Dry_Green_g_log,Dry_Dead_g_log,Dry_Clover_g_log,GDM_g_log,Dry_Total_g_log
ID1011485656,csiro-biomass\train\train\ID1011485656.jpg,2015-09-04,Tas,Ryegrass_Clover,-0.245973503286157,-0.2848041528170105,0.0,9,247,-1.1063433941687213,0.30910907793111153,-1.006859004576357,-0.21525070083077605,1,11,16.2751,31.9984,0.0,16.275,48.2735,0,2.8492663,3.496459,0.0,2.8492603,3.8973863
ID1012260530,csiro-biomass\train\train\ID1012260530.jpg,2015-04-01,NSW,Lucerne,-0.7060691505257572,0.8170928721246903,0.0,4,91,1.8092077073653192,-0.42544678723698676,1.8177595006327103,0.4922713985007081,0,3,7.6,0.0,0.0,7.6,7.6,3,2.1517622,0.0,0.0,2.1517622,2.1517622
ID1025234388,csiro-biomass\train\train\ID1025234388.jpg,2015-09-01,WA,SubcloverDalkeith,-1.8234442938219302,-0.6413045385258273,0.0,9,244,-1.1063433941687213,0.30910907793111153,-0.9707063342954942,-0.28649306435006355,3,12,0.0,0.0,6.05,6.05,6.05,2,0.0,0.0,1.9530276,1.9530276,1.9530276
ID1028611175,csiro-biomass\train\train\ID1028611175.jpg,2015-05-18,Tas,Ryegrass,0.01693829513647212,-0.2523985623523559,0.0,5,138,1.237315295274428,-0.9631790015377493,1.3622288727116874,-0.6415470146262103,1,10,24.2376,30.9703,0.0,24.2376,55.2079,4,3.228335,3.4648073,0.0,3.228335,4.0290575
ID1035947949,csiro-biomass\train\train\ID1035947949.jpg,2015-09-11,Tas,Ryegrass,-0.7717971001314144,-0.3982383034174077,0.0,9,254,-1.1063433941687213,0.30910907793111153,-1.0772560488000007,-0.04211626960247908,1,10,10.5261,23.2239,0.4343,10.9605,34.1844,0,2.444614,3.1873398,0.3606769,2.4816096,3.5606027
ID1036339023,csiro-biomass\train\train\ID1036339023.jpg,2015-09-30,Vic,Phalaris_Clover,1.068585488826987,-0.05794557426562025,0.0,9,273,-1.1063433941687213,0.30910907793111153,-1.1638958307869425,0.45864025501659345,2,7,32.191,2.6135,23.0755,55.2665,57.88,4,3.5022788,1.2846769,3.1811948,4.0300994,4.0755014
ID1049634115,csiro-biomass\train\train\ID1049634115.jpg,2015-07-02,Vic,Ryegrass_Clover,0.4113059927704151,-0.5440780444824594,0.0,7,183,-0.32512383102100434,-0.9631790015377494,0.3172278429478333,-1.0801756479420925,2,11,13.575,3.0167,1.5083,15.0833,18.1,2,2.6793077,1.3904606,0.9196052,2.7777815,2.9496884
ID1051144034,csiro-biomass\train\train\ID1051144034.jpg,2015-09-01,WA,SubcloverLosa,0.9371295896156733,-0.6413045385258273,0.0,9,244,-1.1063433941687213,0.30910907793111153,-0.9707063342954942,-0.28649306435006355,3,13,0.0,0.0,55.32,55.32,55.32,1,0.0,0.0,4.0310497,4.0310497,4.0310497
ID1052620238,csiro-biomass\train\train\ID1052620238.jpg,2015-05-18,Tas,Ryegrass,0.14839419434778667,-0.2523985623523559,0.0,5,138,1.237315295274428,-0.9631790015377493,1.3622288727116874,-0.6415470146262103,1,10,20.1707,11.2291,0.0,20.1707,31.3998,1,3.0526183,2.5038183,0.0,3.0526183,3.4781523
ID105271783,csiro-biomass\train\train\ID105271783.jpg,2015-06-30,Vic,Phalaris_Clover,1.3314972872496162,-0.3496250563957238,0.0,6,181,0.4560957321267118,-1.160002652405086,0.3685177531083336,-1.079597130931854,2,7,27.6667,8.5635,5.2698,32.9365,41.5,2,3.3557363,2.257954,1.8357445,3.524491,3.749504
ID1053972079,csiro-biomass\train\train\ID1053972079.jpg,2015-09-04,Tas,Clover,-0.6403412009200999,-0.49546479746077554,0.0,9,247,-1.1063433941687213,0.30910907793111153,-1.006859004576357,-0.21525070083077605,1,0,1.3688,7.9393,21.0801,22.4489,30.3882,4,0.8623835,2.1904573,3.0946767,3.1548235,3.446432
ID1058383417,csiro-biomass\train\train\ID1058383417.jpg,2015-05-19,Tas,Ryegrass_Clover,-0.245973503286157,-0.5440780444824594,0.0,5,139,1.237315295274428,-0.9631790015377493,1.3436220692273737,-0.6600643841609672,1,11,13.1,9.5,0.1,13.2,22.7,4,2.646175,2.3513753,0.09531018,2.6532419,3.1654751
ID1062837331,csiro-biomass\train\train\ID1062837331.jpg,2015-09-29,Vic,Ryegrass_Clover,1.068585488826987,0.13650741382111545,0.0,9,272,-1.1063433941687213,0.30910907793111153,-1.1632616744395088,0.43174299076275136,2,11,35.4077,3.9623,19.98,55.3877,59.35,1,3.5947802,1.6018693,3.0435696,4.032251,4.100161
ID1070112260,csiro-biomass\train\train\ID1070112260.jpg,2015-01-15,NSW,Fescue_CrumbWeed,-0.37742940249747153,-0.15517206830898808,0.0,1,15,1.237315295274428,1.5813971573999728,0.7073061524490798,1.9961531026197616,0,2,22.1235,9.8765,0.0,22.1235,32.0,2,3.1408494,2.3866045,0.0,3.1408494,3.4965076
ID1078930021,csiro-biomass\train\train\ID1078930021.jpg,2015-06-26,Vic,Phalaris_Ryegrass_Clover,1.3314972872496162,-0.2523985623523559,0.0,6,177,0.4560957321267118,-1.160002652405086,0.47088895990883783,-1.0728915451407008,2,9,32.9811,5.0189,0.0,32.9811,38.0,0,3.5258045,1.7949045,0.0,3.5258045,3.6635616
ID1084819986,csiro-biomass\train\train\ID1084819986.jpg,2015-09-04,Tas,Clover,0.21412214395344323,-0.43064389388206226,0.0,9,247,-1.1063433941687213,0.30910907793111153,-1.006859004576357,-0.21525070083077605,1,0,2.6819,13.0742,21.4551,24.137,37.2112,0,1.3034289,2.6443434,3.1115177,3.224341,3.6431286
ID1088965591,csiro-biomass\train\train\ID1088965591.jpg,2015-04-01,NSW,Lucerne,1.528681136066588,3.442208211295622,0.0,4,91,1.8092077073653192,-0.42544678723698676,1.8177595006327103,0.4922713985007081,0,3,59.5557,0.3443,0.0,59.5557,59.9,4,4.103564,0.29587343,0.0,4.103564,4.1092334
ID1098771283,csiro-biomass\train\train\ID1098771283.jpg,2015-11-09,Tas,Clover,-1.1661647977653582,-0.47925714090374616,0.0,11,313,-0.3251238310210055,1.5813971573999726,-0.8399558928851776,1.4575427432266728,1,0,0.4528,15.1673,8.376,8.8287,23.9961,3,0.37349272,2.7829907,2.2381532,2.2853067,3.2187197
ID1103883611,csiro-biomass\train\train\ID1103883611.jpg,2015-02-24,NSW,Phalaris,-1.1661647977653582,1.7893578125583687,0.0,2,55,1.8092077073653192,1.0436649430992109,1.536233167618223,1.3985698904808481,0,5,82.7834,12.9166,0.0,82.7834,95.7,3,4.428235,2.6330824,0.0,4.428235,4.5716133
ID1108283583,csiro-biomass\train\train\ID1108283583.jpg,2015-08-19,Vic,Phalaris_Ryegrass_Clover,1.1343134384326443,-0.203785315330672,0.0,8,231,-0.8970162431118959,-0.4254467872369877,-0.7755404202011937,-0.5691867422510526,2,9,40.4108,7.2162,5.773,46.1838,53.4,3,3.7235417,2.1061077,1.9129441,3.8540506,3.996364
ID1113121340,csiro-biomass\train\train\ID1113121340.jpg,2015-09-30,Vic,Phalaris_Clover,0.9371295896156733,0.8170928721246903,0.0,9,273,-1.1063433941687213,0.30910907793111153,-1.1638958307869425,0.45864025501659345,2,7,82.6598,11.6271,0.2931,82.9529,94.58,0,4.426759,2.5358453,0.25704244,4.430256,4.5599637
ID1113329413,csiro-biomass\train\train\ID1113329413.jpg,2015-06-29,Tas,WhiteClover,0.4113059927704151,-0.44685155043909164,0.0,6,180,0.4560957321267118,-1.160002652405086,0.39414800505292946,-1.0786138157169143,1,14,1.3768,21.1112,20.6523,22.0291,43.1403,3,0.865755,3.0960844,3.0751116,3.1367586,3.7873733
ID1119739385,csiro-biomass\train\train\ID1119739385.jpg,2015-05-18,Tas,Ryegrass,-2.4807237898785024,-0.3496250563957238,0.0,5,138,1.237315295274428,-0.9631790015377493,1.3622288727116874,-0.6415470146262103,1,10,6.8,3.0,0.0,6.8,9.8,2,2.0541236,1.3862944,0.0,2.0541236,2.3795462
ID1119761112,csiro-biomass\train\train\ID1119761112.jpg,2015-05-07,NSW,Fescue,-1.5605324953993014,-0.3496250563957238,0.0,5,127,1.237315295274428,-0.9631790015377493,1.54553770729765,-0.4171499635673449,0,1,22.9514,32.4486,0.0,22.9514,55.4,1,3.1760268,3.51001,0.0,3.1760268,4.0324693
ID1121692672,csiro-biomass\train\train\ID1121692672.jpg,2015-02-24,NSW,Phalaris,-0.9032529993427291,2.9560757410787826,0.0,2,55,1.8092077073653192,1.0436649430992109,1.536233167618223,1.3985698904808481,0,5,109.8042,1.3958,0.0,109.8042,111.2,4,4.7077646,0.8737172,0.0,4.7077646,4.720283
ID1127246618,csiro-biomass\train\train\ID1127246618.jpg,2015-05-18,Tas,Ryegrass,0.7399457407987015,-0.05794557426562025,0.0,5,138,1.237315295274428,-0.9631790015377493,1.3622288727116874,-0.6415470146262103,1,10,32.3529,25.8824,3.0196,35.3725,61.2549,2,3.5071447,3.2914717,1.3911824,3.593813,4.1312375
ID112966473,csiro-biomass\train\train\ID112966473.jpg,2015-08-14,Vic,Ryegrass_Clover,0.5427618919817296,-0.44685155043909164,0.0,8,226,-0.8970162431118959,-0.4254467872369877,-0.6852318095167987,-0.6646410467420302,2,11,19.6,2.8,11.2,30.8,33.6,2,3.0252912,1.3350011,2.501436,3.4594662,3.5438535
ID1131079710,csiro-biomass\train\train\ID1131079710.jpg,2015-11-09,Tas,Clover,-0.5746132513144434,-0.5926912915041433,0.0,11,313,-0.3251238310210055,1.5813971573999726,-0.8399558928851776,1.4575427432266728,1,0,1.5261,11.119,15.4794,17.0055,28.1246,1,0.92667663,2.4947746,2.8021111,2.8906772,3.3715832
ID1136169672,csiro-biomass\train\train\ID1136169672.jpg,2015-05-18,Tas,Ryegrass,-0.245973503286157,-0.2523985623523559,0.0,5,138,1.237315295274428,-0.9631790015377493,1.3622288727116874,-0.6415470146262103,1,10,16.3107,6.808,0.0,16.3108,23.1187,4,2.8513248,2.0551488,0.0,2.8513305,3.1829875
ID1139866256,csiro-biomass\train\train\ID1139866256.jpg,2015-05-07,NSW,Fescue,0.01693829513647212,0.5254133899945868,0.0,5,127,1.237315295274428,-0.9631790015377493,1.54553770729765,-0.4171499635673449,0,1,74.0593,83.8407,0.0,74.0593,157.9,0,4.3182783,4.4407754,0.0,4.3182783,5.068275
ID1139918758,csiro-biomass\train\train\ID1139918758.jpg,2015-08-21,WA,Clover,0.871401640010016,-0.44685155043909164,0.0,8,233,-0.8970162431118959,-0.4254467872369877,-0.8094171360069519,-0.5287834952669702,3,0,0.0,0.0,58.34,58.34,58.34,2,0.0,0.0,4.0832834,4.0832834,4.0832834
ID1140993511,csiro-biomass\train\train\ID1140993511.jpg,2015-08-14,Vic,Ryegrass_Clover,0.34557804316475776,-0.5440780444824594,0.0,8,226,-0.8970162431118959,-0.4254467872369877,-0.6852318095167987,-0.6646410467420302,2,11,16.1,2.3,4.6,20.7,23.0,3,2.8390784,1.1939224,1.7227666,3.0773122,3.1780539
ID1148528732,csiro-biomass\train\train\ID1148528732.jpg,2015-08-18,Vic,Phalaris_Clover,1.3314972872496162,-0.427406251630418,0.0,8,230,-0.8970162431118959,-0.4254467872369877,-0.7581102109573252,-0.5889239104166735,2,7,28.0887,0.0,12.4113,40.5,40.5,0,3.3703496,0.0,2.5960977,3.7256935,3.7256935
ID1148666289,csiro-biomass\train\train\ID1148666289.jpg,2015-06-26,Vic,Phalaris_Ryegrass_Clover,1.0028575392213306,-0.3982383034174077,0.0,6,177,0.4560957321267118,-1.160002652405086,0.47088895990883783,-1.0728915451407008,2,9,21.4846,14.3231,4.0923,25.5769,39.9,4,3.1128306,2.7293615,1.6277295,3.2800424,3.7111301
ID1149598723,csiro-biomass\train\train\ID1149598723.jpg,2015-05-07,NSW,Lucerne,1.3972252368552736,3.442208211295622,0.0,5,127,1.237315295274428,-0.9631790015377493,1.54553770729765,-0.4171499635673449,0,3,58.3169,5.3831,0.0,58.3169,63.7,3,4.0828943,1.8536539,0.0,4.0828943,4.169761
ID1159071020,csiro-biomass\train\train\ID1159071020.jpg,2015-09-30,Vic,Phalaris_Clover,0.5427618919817296,-0.05794557426562025,0.0,9,273,-1.1063433941687213,0.30910907793111153,-1.1638958307869425,0.45864025501659345,2,7,46.5727,6.7982,1.3191,47.8918,54.69,0,3.8622591,2.0538929,0.8411792,3.8896096,4.0198007
ID1163061745,csiro-biomass\train\train\ID1163061745.jpg,2015-06-29,Tas,WhiteClover,-1.0347088985540436,-0.5440780444824594,0.0,6,180,0.4560957321267118,-1.160002652405086,0.39414800505292946,-1.0786138157169143,1,14,1.2,6.7,5.2,6.4,13.1,3,0.7884574,2.0412202,1.8245493,2.00148,2.646175
ID1168534540,csiro-biomass\train\train\ID1168534540.jpg,2015-05-07,NSW,Fescue,1.3314972872496162,0.13650741382111545,0.0,5,127,1.237315295274428,-0.9631790015377493,1.54553770729765,-0.4171499635673449,0,1,55.6108,8.6892,0.0,55.6108,64.3,1,4.0362,2.2710118,0.0,4.0362,4.1789923
ID1176292407,csiro-biomass\train\train\ID1176292407.jpg,2015-06-26,Tas,Ryegrass_Clover,-1.0347088985540436,-0.44685155043909164,0.0,6,177,0.4560957321267118,-1.160002652405086,0.47088895990883783,-1.0728915451407008,1,11,9.022,16.7365,0.1308,9.1528,25.8893,4,2.3047826,2.8756247,0.12292534,2.3177495,3.2917285
ID1182523622,csiro-biomass\train\train\ID1182523622.jpg,2015-06-29,Tas,WhiteClover,-1.1661647977653582,-0.5440780444824594,0.0,6,180,0.4560957321267118,-1.160002652405086,0.39414800505292946,-1.0786138157169143,1,14,0.6752,14.7193,3.1059,3.7811,18.5004,1,0.51593256,2.7548892,1.4124249,1.5646707,2.970435
ID1183807388,csiro-biomass\train\train\ID1183807388.jpg,2015-07-01,Tas,Ryegrass,0.2798500935591005,-0.2523985623523559,0.0,7,182,-0.32512383102100434,-0.9631790015377494,0.34287516972230997,-1.0801177930310104,1,10,20.9156,20.9156,0.0,20.9156,41.8312,3,3.0871987,3.0871987,0.0,3.0871987,3.7572668
ID1193692654,csiro-biomass\train\train\ID1193692654.jpg,2015-09-11,Tas,Ryegrass,0.21412214395344323,-0.43064389388206226,0.0,9,254,-1.1063433941687213,0.30910907793111153,-1.0772560488000007,-0.04211626960247908,1,10,13.4232,6.3317,0.2727,13.6959,20.0276,4,2.668838,1.9922074,0.24114063,2.6875684,3.0458357
ID1199150612,csiro-biomass\train\train\ID1199150612.jpg,2015-11-10,Tas,Ryegrass_Clover,-0.245973503286157,-0.203785315330672,0.0,11,314,-0.3251238310210055,1.5813971573999726,-0.8238176129147263,1.4784540565902198,1,11,27.0146,40.7019,0.3602,27.3748,68.0767,3,3.3327258,3.7305467,0.30763173,3.3455014,4.2352176
ID1208644039,csiro-biomass\train\train\ID1208644039.jpg,2015-07-01,Vic,Phalaris_Clover,0.871401640010016,-0.2523985623523559,0.0,7,182,-0.32512383102100434,-0.9631790015377494,0.34287516972230997,-1.0801177930310104,2,7,31.0,7.75,1.55,32.55,40.3,4,3.465736,2.1690538,0.93609333,3.5130367,3.7208624
ID1211362607,csiro-biomass\train\train\ID1211362607.jpg,2015-02-24,NSW,Ryegrass,-0.5088853017087861,-0.05794557426562025,0.0,2,55,1.8092077073653192,1.0436649430992109,1.536233167618223,1.3985698904808481,0,10,66.5554,1.3446,0.0,66.5554,67.9,2,4.212948,0.8521148,0.0,4.212948,4.232656
ID121331988,csiro-biomass\train\train\ID121331988.jpg,2015-05-07,NSW,Fescue,0.608489841587387,0.03928091977774759,0.0,5,127,1.237315295274428,-0.9631790015377493,1.54553770729765,-0.4171499635673449,0,1,63.15,21.05,0.0,63.15,84.2,0,4.161224,3.0933125,0.0,4.161224,4.4450016
ID1215977190,csiro-biomass\train\train\ID1215977190.jpg,2015-05-18,Tas,Ryegrass,0.5427618919817296,-0.2523985623523559,0.0,5,138,1.237315295274428,-0.9631790015377493,1.3622288727116874,-0.6415470146262103,1,10,30.1002,24.8123,0.4068,30.507,55.3193,1,3.4372144,3.2508512,0.34131762,3.4502099,4.0310373
ID1217108125,csiro-biomass\train\train\ID1217108125.jpg,2015-06-29,Tas,WhiteClover,-0.245973503286157,-0.5440780444824594,0.0,6,180,0.4560957321267118,-1.160002652405086,0.39414800505292946,-1.0786138157169143,1,14,0.6811,8.0594,5.9027,6.5838,14.6432,4,0.51944834,2.2038028,1.9319127,2.0260143,2.7500362
ID1237349078,csiro-biomass\train\train\ID1237349078.jpg,2015-10-13,Vic,Phalaris_BarleyGrass_SilverGrass_SpearGrass_Clover_Capeweed,-1.8234442938219302,-0.49546479746077554,0.0,10,286,-0.897016243111896,1.0436649430992109,-1.1321063693645246,0.8060907655763795,2,6,9.39,26.221,3.189,12.579,38.8,4,2.340844,3.3039887,1.4324621,2.6085246,3.683867
ID12390962,csiro-biomass\train\train\ID12390962.jpg,2015-05-18,Tas,Ryegrass,-0.6403412009200999,-0.2523985623523559,0.0,5,138,1.237315295274428,-0.9631790015377493,1.3622288727116874,-0.6415470146262103,1,10,14.0,15.2,0.0,14.0,29.2,2,2.7080503,2.7850113,0.0,2.7080503,3.407842
ID1244346858,csiro-biomass\train\train\ID1244346858.jpg,2015-10-06,NSW,Fescue,-1.3633486465823297,0.4605924864158734,0.0,10,279,-0.897016243111896,1.0436649430992109,-1.1584395162161214,0.6199019836281188,0,1,49.2657,30.9343,0.0,49.2657,80.2,3,3.9173229,3.4636807,0.0,3.9173229,4.3969154
ID1249094008,csiro-biomass\train\train\ID1249094008.jpg,2015-06-26,Vic,Ryegrass,0.34557804316475776,-0.3496250563957238,0.0,6,177,0.4560957321267118,-1.160002652405086,0.47088895990883783,-1.0728915451407008,2,10,4.5809,16.3603,0.0,4.5809,20.9412,0,1.7193501,2.854186,0.0,1.7193501,3.0883663
ID1251029854,csiro-biomass\train\train\ID1251029854.jpg,2015-05-07,NSW,Fescue,-0.7060691505257572,-0.2523985623523559,0.0,5,127,1.237315295274428,-0.9631790015377493,1.54553770729765,-0.4171499635673449,0,1,36.8125,22.0875,0.0,36.8125,58.9,3,3.6326396,3.1392913,0.0,3.6326396,4.0926766
ID1254829053,csiro-biomass\train\train\ID1254829053.jpg,2015-06-26,Vic,Ryegrass,0.21412214395344323,-0.3010118093740399,0.0,6,177,0.4560957321267118,-1.160002652405086,0.47088895990883783,-1.0728915451407008,2,10,4.2568,10.2162,0.0,4.2568,14.473,3,1.6595225,2.417359,0.0,1.6595225,2.7390966
ID1268934251,csiro-biomass\train\train\ID1268934251.jpg,2015-10-13,Vic,Phalaris_BarleyGrass_SilverGrass_SpearGrass_Clover_Capeweed,-1.5605324953993014,-0.41768360222608125,0.0,10,286,-0.897016243111896,1.0436649430992109,-1.1321063693645246,0.8060907655763795,2,6,17.2131,24.7869,0.0,17.2131,42.0,0,2.902141,3.2498665,0.0,2.902141,3.7612002
ID1275072698,csiro-biomass\train\train\ID1275072698.jpg,2015-01-15,NSW,Lucerne,0.5427618919817296,3.3449817172522542,0.0,1,15,1.237315295274428,1.5813971573999728,0.7073061524490798,1.9961531026197616,0,3,62.0,2.5,0.0,62.0,64.5,1,4.1431346,1.2527629,0.0,4.1431346,4.18205
ID1277756619,csiro-biomass\train\train\ID1277756619.jpg,2015-07-01,Tas,Ryegrass,-1.6919883946106156,-0.44685155043909164,0.0,7,182,-0.32512383102100434,-0.9631790015377494,0.34287516972230997,-1.0801177930310104,1,10,6.0,3.2,0.0,6.0,9.2,1,1.9459101,1.4350845,0.0,1.9459101,2.3223877
ID1291116815,csiro-biomass\train\train\ID1291116815.jpg,2015-07-02,Vic,Ryegrass_Clover,0.6742177911930441,-0.44685155043909164,0.0,7,183,-0.32512383102100434,-0.9631790015377494,0.3172278429478333,-1.0801756479420925,2,11,19.84,3.72,1.24,21.08,24.8,1,3.0368743,1.5518088,0.8064759,3.0946722,3.2503746
ID1294770420,csiro-biomass\train\train\ID1294770420.jpg,2015-11-09,Tas,Ryegrass_Clover,-0.44315735210312884,-0.41444595997443706,0.0,11,313,-0.3251238310210055,1.5813971573999726,-0.8399558928851776,1.4575427432266728,1,11,14.6004,36.1534,17.3814,31.9818,68.1352,0,2.7472966,3.6150553,2.9113393,3.495956,4.236064
ID1314135397,csiro-biomass\train\train\ID1314135397.jpg,2015-01-15,NSW,Fescue_CrumbWeed,0.608489841587387,-0.15517206830898808,0.0,1,15,1.237315295274428,1.5813971573999728,0.7073061524490798,1.9961531026197616,0,2,28.0322,16.6678,0.0,28.0322,44.7,1,3.3684056,2.871744,0.0,3.3684056,3.8220983
ID13162390,csiro-biomass\train\train\ID13162390.jpg,2015-08-14,Vic,Ryegrass_Clover,0.5427618919817296,-0.44685155043909164,0.0,8,226,-0.8970162431118959,-0.4254467872369877,-0.6852318095167987,-0.6646410467420302,2,11,20.0667,2.8667,2.8667,22.9333,25.8,1,3.0476935,1.3524014,1.3524014,3.1752708,3.2884018
ID1337107565,csiro-biomass\train\train\ID1337107565.jpg,2015-08-21,WA,Clover,-1.7577163442162729,-0.6413045385258273,0.0,8,233,-0.8970162431118959,-0.4254467872369877,-0.8094171360069519,-0.5287834952669702,3,0,0.0,0.0,10.04,10.04,10.04,2,0.0,0.0,2.401525,2.401525,2.401525
ID1343327476,csiro-biomass\train\train\ID1343327476.jpg,2015-08-14,Vic,Phalaris_Clover,0.34557804316475776,-0.2523985623523559,0.0,8,226,-0.8970162431118959,-0.4254467872369877,-0.6852318095167987,-0.6646410467420302,2,7,37.7143,3.1429,3.1429,40.8571,44.0,2,3.656209,1.421396,1.421396,3.7342615,3.8066626
ID1345375788,csiro-biomass\train\train\ID1345375788.jpg,2015-06-26,Tas,Ryegrass_Clover,-0.37742940249747153,-0.44685155043909164,0.0,6,177,0.4560957321267118,-1.160002652405086,0.47088895990883783,-1.0728915451407008,1,11,8.7127,7.7226,2.3762,11.0889,18.8115,2,2.2734344,2.1659174,1.2167509,2.4922876,2.9862626
ID135365668,csiro-biomass\train\train\ID135365668.jpg,2015-06-26,Vic,Phalaris_Ryegrass_Clover,0.5427618919817296,-0.44685155043909164,0.0,6,177,0.4560957321267118,-1.160002652405086,0.47088895990883783,-1.0728915451407008,2,9,17.3333,1.8667,2.4,19.7333,21.6,0,2.908719,1.0531616,1.2237755,3.0317411,3.11795
ID1354190372,csiro-biomass\train\train\ID1354190372.jpg,2015-11-10,Tas,Ryegrass_Clover,0.0826662447421294,-0.44685155043909164,0.0,11,314,-0.3251238310210055,1.5813971573999726,-0.8238176129147263,1.4784540565902198,1,11,10.6039,6.5255,11.2565,21.8604,28.3859,4,2.4513412,2.0182972,2.5060565,3.1294062,3.380515
ID1357758282,csiro-biomass\train\train\ID1357758282.jpg,2015-01-15,NSW,Lucerne,0.7399457407987015,5.289511598119611,0.0,1,15,1.237315295274428,1.5813971573999728,0.7073061524490798,1.9961531026197616,0,3,107.3,4.8,0.0,107.3,112.1,4,4.684905,1.7578579,0.0,4.684905,4.7282724
ID1357768767,csiro-biomass\train\train\ID1357768767.jpg,2015-02-25,NSW,Fescue,0.14839419434778667,0.7198663780813225,0.0,2,56,1.8092077073653192,1.0436649430992109,1.5510528800141143,1.3766106956797473,0,1,104.1503,5.4497,0.0,104.1503,109.6,2,4.6553907,1.8640336,0.0,4.6553907,4.70592
ID1370004842,csiro-biomass\train\train\ID1370004842.jpg,2015-10-06,NSW,Fescue,-0.7060691505257572,0.20132831739982882,0.0,10,279,-0.897016243111896,1.0436649430992109,-1.1584395162161214,0.6199019836281188,0,1,55.8014,21.9986,0.0,55.8014,77.8,1,4.039561,3.1354334,0.0,4.039561,4.366913
ID1374789439,csiro-biomass\train\train\ID1374789439.jpg,2015-07-01,Vic,Phalaris_Clover,0.5427618919817296,-0.3496250563957238,0.0,7,182,-0.32512383102100434,-0.9631790015377494,0.34287516972230997,-1.0801177930310104,2,7,21.6889,1.3556,1.3556,23.0444,24.4,2,3.1218758,0.8567955,0.8567955,3.179902,3.234749
ID1385921939,csiro-biomass\train\train\ID1385921939.jpg,2015-05-07,NSW,Lucerne,0.871401640010016,2.3727167768185757,0.0,5,127,1.237315295274428,-0.9631790015377493,1.54553770729765,-0.4171499635673449,0,3,43.6757,6.8243,0.0,43.6757,50.5,4,3.7994297,2.0572343,0.0,3.7994297,3.9415817
ID1386202352,csiro-biomass\train\train\ID1386202352.jpg,2015-05-19,Tas,Ryegrass_Clover,1.3314972872496162,-0.2523985623523559,0.0,5,139,1.237315295274428,-0.9631790015377493,1.3436220692273737,-0.6600643841609672,1,11,35.0834,12.1549,0.0,35.0834,47.2383,2,3.5858328,2.5767944,0.0,3.5858328,3.8761532
ID1395011773,csiro-biomass\train\train\ID1395011773.jpg,2015-10-13,Vic,Phalaris_BarleyGrass_SilverGrass_SpearGrass_Clover_Capeweed,-0.9032529993427291,-0.427406251630418,0.0,10,286,-0.897016243111896,1.0436649430992109,-1.1321063693645246,0.8060907655763795,2,6,13.8438,11.9667,10.0895,23.9333,35.9,4,2.6975822,2.5623846,2.4059987,3.2162042,3.6082115
ID1403078396,csiro-biomass\train\train\ID1403078396.jpg,2015-09-04,Tas,Clover,-1.5605324953993014,-0.5116724540178049,0.0,9,247,-1.1063433941687213,0.30910907793111153,-1.006859004576357,-0.21525070083077605,1,0,1.5,8.3,5.3,6.8,15.1,1,0.91629076,2.2300143,1.8405497,2.0541236,2.7788193
ID1403107574,csiro-biomass\train\train\ID1403107574.jpg,2015-08-21,WA,Clover,-0.7717971001314144,-0.6413045385258273,0.0,8,233,-0.8970162431118959,-0.4254467872369877,-0.8094171360069519,-0.5287834952669702,3,0,0.0,0.0,22.69,22.69,22.69,4,0.0,0.0,3.1650531,3.1650531,3.1650531
ID1411613934,csiro-biomass\train\train\ID1411613934.jpg,2015-10-13,Vic,Phalaris_BarleyGrass_SilverGrass_SpearGrass_Clover_Capeweed,-1.1004368481597009,-0.41768360222608125,0.0,10,286,-0.897016243111896,1.0436649430992109,-1.1321063693645246,0.8060907655763795,2,6,16.8777,17.8286,6.8937,23.7714,41.6,2,2.8835542,2.935377,2.066065,3.2096899,3.7518542
ID141370843,csiro-biomass\train\train\ID141370843.jpg,2015-08-14,Vic,Ryegrass_Clover,0.4113059927704151,-0.3496250563957238,0.0,8,226,-0.8970162431118959,-0.4254467872369877,-0.6852318095167987,-0.6646410467420302,2,11,19.6636,5.6182,5.6182,25.2818,30.9,0,3.0283737,1.8898234,1.8898234,3.2688766,3.462606
ID1413758094,csiro-biomass\train\train\ID1413758094.jpg,2015-09-04,Tas,Ryegrass_Clover,-0.7717971001314144,-0.2523985623523559,0.0,9,247,-1.1063433941687213,0.30910907793111153,-1.006859004576357,-0.21525070083077605,1,11,17.5601,46.0532,0.8746,18.4347,64.4879,1,2.921014,3.8512788,0.6283953,2.96706,4.181865
ID1414371018,csiro-biomass\train\train\ID1414371018.jpg,2015-11-10,Tas,Ryegrass_Clover,0.4113059927704151,-0.43064389388206226,0.0,11,314,-0.3251238310210055,1.5813971573999726,-0.8238176129147263,1.4784540565902198,1,11,12.3801,6.1901,14.7281,27.1082,33.2982,2,2.5937686,1.9727051,2.7554488,3.3360612,3.5350928
ID1415329644,csiro-biomass\train\train\ID1415329644.jpg,2015-04-01,NSW,Lucerne,1.1343134384326443,2.9560757410787826,0.0,4,91,1.8092077073653192,-0.42544678723698676,1.8177595006327103,0.4922713985007081,0,3,63.3,0.0,0.0,63.3,63.3,0,4.16356,0.0,0.0,4.16356,4.16356
ID1421714468,csiro-biomass\train\train\ID1421714468.jpg,2015-09-04,Tas,Ryegrass_Clover,1.265769337643959,-0.3010118093740399,0.0,9,247,-1.1063433941687213,0.30910907793111153,-1.006859004576357,-0.21525070083077605,1,11,26.6001,36.581,0.0,26.6,63.1811,1,3.3178194,3.6264987,0.0,3.3178158,4.161709
ID142751858,csiro-biomass\train\train\ID142751858.jpg,2015-09-29,Vic,Ryegrass_Clover,1.0028575392213306,-0.2523985623523559,0.0,9,272,-1.1063433941687213,0.30910907793111153,-1.1632616744395088,0.43174299076275136,2,11,33.2077,2.417,15.3953,48.603,51.02,1,3.5324507,1.228763,2.7969947,3.9040513,3.9516282
ID1428837636,csiro-biomass\train\train\ID1428837636.jpg,2015-06-29,Tas,WhiteClover,0.2798500935591005,-0.44685155043909164,0.0,6,180,0.4560957321267118,-1.160002652405086,0.39414800505292946,-1.0786138157169143,1,14,3.8871,19.1366,10.1663,14.0535,33.1901,3,1.5865991,3.0025392,2.4129002,2.7116106,3.5319362
ID1437386574,csiro-biomass\train\train\ID1437386574.jpg,2015-09-30,Vic,Phalaris_Clover,0.608489841587387,-0.15517206830898808,0.0,9,273,-1.1063433941687213,0.30910907793111153,-1.1638958307869425,0.45864025501659345,2,7,44.1677,3.7122,5.0001,49.1678,52.88,1,3.8103824,1.5501549,1.7917762,3.9153733,3.9867594
ID1444674500,csiro-biomass\train\train\ID1444674500.jpg,2015-07-08,WA,Clover,-1.494804545793644,-0.6413045385258273,0.0,7,189,-0.32512383102100434,-0.9631790015377494,0.1636690960379408,-1.0708124516088493,3,0,3.5,0.0,11.64,15.14,15.14,0,1.5040774,0.0,2.5368664,2.7813005,2.7813005
ID1450399782,csiro-biomass\train\train\ID1450399782.jpg,2015-09-11,Tas,Ryegrass,1.3314972872496162,-0.17137972486601746,0.0,9,254,-1.1063433941687213,0.30910907793111153,-1.0772560488000007,-0.04211626960247908,1,10,38.202,19.082,0.1901,38.3921,57.4741,3,3.6687279,2.999824,0.17403734,3.6735654,4.068584
ID1451025862,csiro-biomass\train\train\ID1451025862.jpg,2015-11-10,Tas,Ryegrass_Clover,-0.8375250497370718,-0.463059206996121,0.0,11,314,-0.3251238310210055,1.5813971573999726,-0.8238176129147263,1.4784540565902198,1,11,6.9,4.3,5.3,12.2,16.5,1,2.0668628,1.6677068,1.8405497,2.580217,2.862201
ID1456861072,csiro-biomass\train\train\ID1456861072.jpg,2015-06-26,Tas,Ryegrass_Clover,-1.8891722434275875,-0.6413045385258273,0.0,6,177,0.4560957321267118,-1.160002652405086,0.47088895990883783,-1.0728915451407008,1,11,1.0,6.0,0.4,1.4,7.4,0,0.6931472,1.9459101,0.33647224,0.87546873,2.1282318
ID1457700382,csiro-biomass\train\train\ID1457700382.jpg,2015-04-01,NSW,Lucerne,0.2798500935591005,2.17826378873184,0.0,4,91,1.8092077073653192,-0.42544678723698676,1.8177595006327103,0.4922713985007081,0,3,24.8,0.0,0.0,24.8,24.8,4,3.2503746,0.0,0.0,3.2503746,3.2503746
ID1458758610,csiro-biomass\train\train\ID1458758610.jpg,2015-10-06,NSW,Fescue,-1.1004368481597009,0.16891300428576989,0.0,10,279,-0.897016243111896,1.0436649430992109,-1.1584395162161214,0.6199019836281188,0,1,52.4745,50.2255,0.0,52.4745,102.7,1,3.979205,3.9362373,0.0,3.979205,4.641502
ID1463690813,csiro-biomass\train\train\ID1463690813.jpg,2015-04-01,NSW,Lucerne,1.2000413880383016,2.6643962589486794,0.0,4,91,1.8092077073653192,-0.42544678723698676,1.8177595006327103,0.4922713985007081,0,3,58.2,0.0,0.0,58.2,58.2,2,4.0809216,0.0,0.0,4.0809216,4.0809216
ID146920896,csiro-biomass\train\train\ID146920896.jpg,2015-05-19,Tas,Ryegrass_Clover,-1.9549001930332448,-0.5440780444824594,0.0,5,139,1.237315295274428,-0.9631790015377493,1.3436220692273737,-0.6600643841609672,1,11,6.6,0.4,0.5,7.1,7.5,4,2.0281482,0.33647224,0.4054651,2.091864,2.1400661
ID1471216911,csiro-biomass\train\train\ID1471216911.jpg,2015-09-30,Vic,Phalaris_Clover,1.265769337643959,0.8170928721246903,0.0,9,273,-1.1063433941687213,0.30910907793111153,-1.1638958307869425,0.45864025501659345,2,7,28.8667,11.4857,67.8977,96.7643,108.25,3,3.396744,2.524584,4.2326226,4.5825596,4.693639
ID1472525822,csiro-biomass\train\train\ID1472525822.jpg,2015-01-15,NSW,Fescue_CrumbWeed,0.2798500935591005,-0.05794557426562025,0.0,1,15,1.237315295274428,1.5813971573999728,0.7073061524490798,1.9961531026197616,0,2,30.3109,16.4891,0.0,30.3109,46.8,3,3.4439664,2.8615777,0.0,3.4439664,3.8670256
ID1473228876,csiro-biomass\train\train\ID1473228876.jpg,2015-01-15,NSW,Fescue_CrumbWeed,0.4113059927704151,0.03928091977774759,0.0,1,15,1.237315295274428,1.5813971573999728,0.7073061524490798,1.9961531026197616,0,2,28.0865,10.0135,0.0,28.0865,38.1,0,3.370274,2.3991218,0.0,3.370274,3.6661224
ID1474775613,csiro-biomass\train\train\ID1474775613.jpg,2015-05-18,Tas,Ryegrass,1.3314972872496162,0.23373390786448328,0.0,5,138,1.237315295274428,-0.9631790015377493,1.3622288727116874,-0.6415470146262103,1,10,44.3447,5.3604,0.0,44.3447,49.7051,0,3.8142934,1.8500913,0.0,3.8142934,3.9260266
ID147528735,csiro-biomass\train\train\ID147528735.jpg,2015-01-15,NSW,Lucerne,0.5427618919817296,4.317246657685932,0.0,1,15,1.237315295274428,1.5813971573999728,0.7073061524490798,1.9961531026197616,0,3,53.5,3.0,0.0,53.5,56.5,3,3.9982007,1.3862944,0.0,3.9982007,4.051785
ID1476045099,csiro-biomass\train\train\ID1476045099.jpg,2015-08-14,Vic,Ryegrass_Clover,0.7399457407987015,-0.3496250563957238,0.0,8,226,-0.8970162431118959,-0.4254467872369877,-0.6852318095167987,-0.6646410467420302,2,11,20.3333,3.3889,6.7778,27.1111,30.5,0,3.060269,1.4790785,2.0512736,3.3361645,3.4499876
ID1477176296,csiro-biomass\train\train\ID1477176296.jpg,2015-08-14,Vic,Ryegrass_Clover,0.7399457407987015,-0.3496250563957238,0.0,8,226,-0.8970162431118959,-0.4254467872369877,-0.6852318095167987,-0.6646410467420302,2,11,20.1385,1.8308,1.8308,21.9692,23.8,2,3.051096,1.0405594,1.0405594,3.134154,3.2108436
ID1488408526,csiro-biomass\train\train\ID1488408526.jpg,2015-02-25,NSW,Fescue,-1.1661647977653582,-0.15517206830898808,0.0,2,56,1.8092077073653192,1.0436649430992109,1.5510528800141143,1.3766106956797473,0,1,28.5031,9.8969,0.0,28.5031,38.4,0,3.3844953,2.3884783,0.0,3.3844953,3.673766
ID1496750796,csiro-biomass\train\train\ID1496750796.jpg,2015-08-14,Vic,Ryegrass_Clover,0.14839419434778667,-0.5440780444824594,0.0,8,226,-0.8970162431118959,-0.4254467872369877,-0.6852318095167987,-0.6646410467420302,2,11,12.4091,5.3182,1.7727,14.1818,19.5,4,2.5959334,1.8434343,1.0198215,2.7200973,3.0204248
ID1498398599,csiro-biomass\train\train\ID1498398599.jpg,2015-09-04,Tas,Clover,-1.9549001930332448,-0.5278703879254301,0.0,9,247,-1.1063433941687213,0.30910907793111153,-1.006859004576357,-0.21525070083077605,1,0,1.2834,5.6471,11.0375,12.321,17.9681,3,0.8256656,1.8941807,2.4880269,2.5893416,2.9427586
ID1509266870,csiro-biomass\train\train\ID1509266870.jpg,2015-08-14,Vic,Ryegrass_Clover,0.7399457407987015,-0.3496250563957238,0.0,8,226,-0.8970162431118959,-0.4254467872369877,-0.6852318095167987,-0.6646410467420302,2,11,27.75,2.775,2.775,30.525,33.3,2,3.3586378,1.3284004,1.3284004,3.4507809,3.5351453
ID1510574031,csiro-biomass\train\train\ID1510574031.jpg,2015-10-14,Vic,Phalaris_Clover_Ryegrass_Barleygrass_Bromegrass,-0.9689809489483863,-0.23619090579532656,0.0,10,287,-0.897016243111896,1.0436649430992109,-1.1266068697263119,0.8323704327579902,2,8,19.4992,14.4672,7.2336,26.7328,41.2,2,3.020386,2.7387216,2.1082234,3.3226159,3.7424202
ID1512751450,csiro-biomass\train\train\ID1512751450.jpg,2015-09-11,Tas,Ryegrass,0.7399457407987015,-0.3658327129527532,0.0,9,254,-1.1063433941687213,0.30910907793111153,-1.0772560488000007,-0.04211626960247908,1,10,19.656,9.6678,0.3786,20.0346,29.7024,4,3.0280058,2.36723,0.3210685,3.0461686,3.4243407
ID1513184765,csiro-biomass\train\train\ID1513184765.jpg,2015-06-26,Tas,Ryegrass_Clover,-1.6262604450049587,-0.6413045385258273,0.0,6,177,0.4560957321267118,-1.160002652405086,0.47088895990883783,-1.0728915451407008,1,11,6.1574,5.0118,0.0,6.1574,11.1692,4,1.9681468,1.7937242,0.0,1.9681468,2.4989083
ID1515990019,csiro-biomass\train\train\ID1515990019.jpg,2015-09-03,Tas,Ryegrass_Clover,-1.6262604450049587,-0.5278703879254301,0.0,9,246,-1.1063433941687213,0.30910907793111153,-0.9951981397127253,-0.23921446835169946,1,11,11.9,1.3,0.0,11.9,13.2,2,2.5572274,0.8329091,0.0,2.5572274,2.6532419
ID1516374298,csiro-biomass\train\train\ID1516374298.jpg,2015-07-08,WA,Clover,-2.349267890667188,-0.6413045385258273,0.0,7,189,-0.32512383102100434,-0.9631790015377494,0.1636690960379408,-1.0708124516088493,3,0,1.7,0.0,9.0,10.7,10.7,4,0.9932518,0.0,2.3025851,2.4595888,2.4595888
ID152157478,csiro-biomass\train\train\ID152157478.jpg,2015-09-29,Vic,Ryegrass_Clover,1.2000413880383016,0.9143193661680581,0.0,9,272,-1.1063433941687213,0.30910907793111153,-1.1632616744395088,0.43174299076275136,2,11,64.3724,7.9034,35.1643,99.5366,107.44,1,4.1801,2.1864333,3.5880723,4.610522,4.6861973
ID1525817840,csiro-biomass\train\train\ID1525817840.jpg,2015-08-18,Vic,Phalaris_Clover,0.4113059927704151,-0.36907035520439735,0.0,8,230,-0.8970162431118959,-0.4254467872369877,-0.7581102109573252,-0.5889239104166735,2,7,20.0667,32.3656,7.7677,27.8344,60.2,3,3.0476935,3.5075254,2.1710746,3.3615692,4.114147
ID1540480250,csiro-biomass\train\train\ID1540480250.jpg,2015-02-24,NSW,Phalaris,-0.5088853017087861,1.2059988482981616,0.0,2,55,1.8092077073653192,1.0436649430992109,1.536233167618223,1.3985698904808481,0,5,116.7515,3.6485,0.0,116.7515,120.4,1,4.7685766,1.5365446,0.0,4.7685766,4.799091
ID1545077474,csiro-biomass\train\train\ID1545077474.jpg,2015-11-09,Tas,Ryegrass_Clover,-1.6919883946106156,-0.3982383034174077,0.0,11,313,-0.3251238310210055,1.5813971573999726,-0.8399558928851776,1.4575427432266728,1,11,8.8,19.2,0.0,8.8,28.0,1,2.2823825,3.0056827,0.0,2.2823825,3.3672957
ID1547945326,csiro-biomass\train\train\ID1547945326.jpg,2015-09-03,Tas,Ryegrass_Clover,0.5427618919817296,-0.5278703879254301,0.0,9,246,-1.1063433941687213,0.30910907793111153,-0.9951981397127253,-0.23921446835169946,1,11,10.7156,4.2493,6.2816,16.9972,21.2465,0,2.4609213,1.6580948,1.9853506,2.890216,3.1021848
ID1559189397,csiro-biomass\train\train\ID1559189397.jpg,2015-05-07,NSW,Lucerne,-0.6403412009200999,1.497678330428265,0.0,5,127,1.237315295274428,-0.9631790015377493,1.54553770729765,-0.4171499635673449,0,3,22.4195,1.0805,0.0,22.4195,23.5,0,3.153569,0.73260826,0.0,3.153569,3.198673
ID1563418511,csiro-biomass\train\train\ID1563418511.jpg,2015-02-24,NSW,Phalaris,0.2798500935591005,2.5671697649053113,0.0,2,55,1.8092077073653192,1.0436649430992109,1.536233167618223,1.3985698904808481,0,5,107.1096,4.5904,0.0,107.1096,111.7,2,4.6831455,1.7210509,0.0,4.6831455,4.7247295
ID1570190541,csiro-biomass\train\train\ID1570190541.jpg,2015-11-09,Tas,Clover,-0.7060691505257572,-0.5116724540178049,0.0,11,313,-0.3251238310210055,1.5813971573999726,-0.8399558928851776,1.4575427432266728,1,0,0.1568,7.8376,16.6157,16.7724,24.61,2,0.14565757,2.1790154,2.8687906,2.8776467,3.2429829
ID1573329652,csiro-biomass\train\train\ID1573329652.jpg,2015-01-15,NSW,Fescue_CrumbWeed,-0.3117014528918143,-0.15517206830898808,0.0,1,15,1.237315295274428,1.5813971573999728,0.7073061524490798,1.9961531026197616,0,2,22.2985,19.2015,0.0,22.2985,41.5,2,3.148389,3.0057569,0.0,3.148389,3.749504
ID1574125908,csiro-biomass\train\train\ID1574125908.jpg,2015-02-24,NSW,Ryegrass,-1.5605324953993014,-0.05794557426562025,0.0,2,55,1.8092077073653192,1.0436649430992109,1.536233167618223,1.3985698904808481,0,10,43.1621,3.5379,0.0,43.1621,46.7,0,3.787867,1.5124643,0.0,3.787867,3.8649313
ID157479394,csiro-biomass\train\train\ID157479394.jpg,2015-02-24,NSW,Phalaris,0.21412214395344323,2.858849247035415,0.0,2,55,1.8092077073653192,1.0436649430992109,1.536233167618223,1.3985698904808481,0,5,129.3421,4.8579,0.0,129.3421,134.2,0,4.8701625,1.7677912,0.0,4.8701625,4.906755
ID1579942839,csiro-biomass\train\train\ID1579942839.jpg,2015-09-04,Tas,Clover,0.01693829513647212,-0.49546479746077554,0.0,9,247,-1.1063433941687213,0.30910907793111153,-1.006859004576357,-0.21525070083077605,1,0,3.3327,2.6661,14.886,18.2186,20.8848,3,1.4661908,1.2991284,2.765438,2.9558785,3.0857923
ID158170916,csiro-biomass\train\train\ID158170916.jpg,2015-11-10,Tas,Ryegrass_Clover,1.6601370352779026,0.12029975726408597,0.0,11,314,-0.3251238310210055,1.5813971573999726,-0.8238176129147263,1.4784540565902198,1,11,69.6107,33.0205,5.3547,74.9654,107.9859,2,4.2571816,3.5269632,1.8491948,4.330278,4.6912184
ID1590632667,csiro-biomass\train\train\ID1590632667.jpg,2015-11-09,Tas,Ryegrass_Clover,0.2798500935591005,-0.3658327129527532,0.0,11,313,-0.3251238310210055,1.5813971573999726,-0.8399558928851776,1.4575427432266728,1,11,31.2284,24.2887,3.1807,34.4091,58.6978,0,3.4728482,3.2303576,1.4304788,3.566969,4.0892954
ID1618145129,csiro-biomass\train\train\ID1618145129.jpg,2015-11-10,Tas,Ryegrass_Clover,1.2000413880383016,-0.3334173998386944,0.0,11,314,-0.3251238310210055,1.5813971573999726,-0.8238176129147263,1.4784540565902198,1,11,37.1257,10.3826,0.0,37.1257,47.5083,4,3.6408887,2.4320858,0.0,3.6408887,3.8817348
ID1618597318,csiro-biomass\train\train\ID1618597318.jpg,2015-09-03,Tas,Ryegrass_Clover,-0.04878965446918516,-0.5278703879254301,0.0,9,246,-1.1063433941687213,0.30910907793111153,-0.9951981397127253,-0.23921446835169946,1,11,33.0259,2.239,1.1195,34.1454,36.3845,1,3.527122,1.1752647,0.75118023,3.5594938,3.621256
ID1620371305,csiro-biomass\train\train\ID1620371305.jpg,2015-09-30,Vic,Phalaris_Clover,0.871401640010016,0.23373390786448328,0.0,9,273,-1.1063433941687213,0.30910907793111153,-1.1638958307869425,0.45864025501659345,2,7,57.0895,6.4092,17.0913,74.1808,80.59,2,4.061985,2.0027225,2.895431,4.3198957,4.4017067
ID162394992,csiro-biomass\train\train\ID162394992.jpg,2015-02-24,NSW,Ryegrass,-0.3117014528918143,0.13650741382111545,0.0,2,55,1.8092077073653192,1.0436649430992109,1.536233167618223,1.3985698904808481,0,10,47.2541,1.8459,0.0,47.2541,49.1,2,3.8764808,1.0458794,0.0,3.8764808,3.914021
ID1623964968,csiro-biomass\train\train\ID1623964968.jpg,2015-11-09,Tas,Ryegrass_Clover,-1.429076596187987,-0.5116724540178049,0.0,11,313,-0.3251238310210055,1.5813971573999726,-0.8399558928851776,1.4575427432266728,1,11,19.5439,21.4983,10.0977,29.6415,51.1398,4,3.022564,3.1134398,2.4067378,3.4223554,3.9539287
ID1624268863,csiro-biomass\train\train\ID1624268863.jpg,2015-01-15,NSW,Fescue_CrumbWeed,-0.6403412009200999,-0.3496250563957238,0.0,1,15,1.237315295274428,1.5813971573999728,0.7073061524490798,1.9961531026197616,0,2,22.932,10.168,0.0,22.932,33.1,1,3.1752164,2.4130526,0.0,3.1752164,3.5292974
ID1634731537,csiro-biomass\train\train\ID1634731537.jpg,2015-11-09,Tas,Clover,-0.11451760407484243,-0.41444595997443706,0.0,11,313,-0.3251238310210055,1.5813971573999726,-0.8399558928851776,1.4575427432266728,1,0,0.0,6.8619,19.9619,19.9619,26.8238,0,0.0,2.0620282,3.0427065,3.0427065,3.3258917
ID1638922597,csiro-biomass\train\train\ID1638922597.jpg,2015-06-29,Tas,WhiteClover,-0.04878965446918516,-0.44685155043909164,0.0,6,180,0.4560957321267118,-1.160002652405086,0.39414800505292946,-1.0786138157169143,1,14,0.2772,21.3479,10.5353,10.8126,32.1605,2,0.2446702,3.1067324,2.445412,2.4691668,3.5013595
ID1645161155,csiro-biomass\train\train\ID1645161155.jpg,2015-09-04,Tas,Ryegrass_Clover,0.2798500935591005,-0.3010118093740399,0.0,9,247,-1.1063433941687213,0.30910907793111153,-1.006859004576357,-0.21525070083077605,1,11,19.0515,40.6841,0.0,19.0516,59.7356,1,2.998304,3.7301197,0.0,2.998309,4.10653
ID1655778545,csiro-biomass\train\train\ID1655778545.jpg,2015-05-07,NSW,Fescue,-0.245973503286157,-0.2523985623523559,0.0,5,127,1.237315295274428,-0.9631790015377493,1.54553770729765,-0.4171499635673449,0,1,30.6643,17.0357,0.0,30.6643,47.7,0,3.45519,2.892353,0.0,3.45519,3.885679
ID1665142816,csiro-biomass\train\train\ID1665142816.jpg,2015-07-01,Vic,Phalaris_Clover,0.47703394237607233,-0.3496250563957238,0.0,7,182,-0.32512383102100434,-0.9631790015377494,0.34287516972230997,-1.0801177930310104,2,7,24.5143,4.7143,3.7714,28.2857,33.0,4,3.239239,1.7429718,1.5626397,3.3770993,3.5263605
ID1667778338,csiro-biomass\train\train\ID1667778338.jpg,2015-08-14,Vic,Ryegrass_Clover,0.7399457407987015,-0.2523985623523559,0.0,8,226,-0.8970162431118959,-0.4254467872369877,-0.6852318095167987,-0.6646410467420302,2,11,29.25,9.75,3.9,33.15,42.9,3,3.409496,2.3749058,1.5892352,3.5307627,3.7819145
ID1671844336,csiro-biomass\train\train\ID1671844336.jpg,2015-06-26,Tas,Ryegrass_Clover,0.14839419434778667,-0.44685155043909164,0.0,6,177,0.4560957321267118,-1.160002652405086,0.47088895990883783,-1.0728915451407008,1,11,12.0354,8.4248,0.8024,12.8377,21.2625,0,2.5676687,2.2433445,0.5891191,2.6273968,3.1029036
ID1675365449,csiro-biomass\train\train\ID1675365449.jpg,2015-09-30,Vic,Phalaris_Clover,0.871401640010016,0.8170928721246903,0.0,9,273,-1.1063433941687213,0.30910907793111153,-1.1638958307869425,0.45864025501659345,2,7,89.7395,12.2372,1.4833,91.2228,103.46,2,4.5079927,2.583031,0.90958834,4.5242076,4.648804
ID1680597197,csiro-biomass\train\train\ID1680597197.jpg,2015-02-25,NSW,Fescue,0.21412214395344323,0.42818689595121895,0.0,2,56,1.8092077073653192,1.0436649430992109,1.5510528800141143,1.3766106956797473,0,1,84.1829,8.6171,0.0,84.1829,92.8,4,4.444801,2.2635427,0.0,4.444801,4.541165
ID1692894460,csiro-biomass\train\train\ID1692894460.jpg,2015-11-09,Tas,Clover,0.21412214395344323,-0.3982383034174077,0.0,11,313,-0.3251238310210055,1.5813971573999726,-0.8399558928851776,1.4575427432266728,1,0,0.3143,14.7741,30.1768,30.4912,45.2652,3,0.2733042,2.7583694,3.4396741,3.4497082,3.8343902
ID1693880739,csiro-biomass\train\train\ID1693880739.jpg,2015-06-26,Vic,Phalaris_Ryegrass_Clover,1.265769337643959,-0.3496250563957238,0.0,6,177,0.4560957321267118,-1.160002652405086,0.47088895990883783,-1.0728915451407008,2,9,30.4615,4.7385,0.0,30.4615,35.2,1,3.4487646,1.7471979,0.0,3.4487646,3.589059
ID1703304524,csiro-biomass\train\train\ID1703304524.jpg,2015-11-10,Tas,Ryegrass_Clover,1.3314972872496162,-0.05794557426562025,0.0,11,314,-0.3251238310210055,1.5813971573999726,-0.8238176129147263,1.4784540565902198,1,11,47.7689,46.4778,2.5821,50.351,96.8288,4,3.8870928,3.8602622,1.2759492,3.9386845,4.583219
ID1717006117,csiro-biomass\train\train\ID1717006117.jpg,2015-10-14,Vic,Phalaris_Clover_Ryegrass_Barleygrass_Bromegrass,-0.5746132513144434,-0.1389644117519587,0.0,10,287,-0.897016243111896,1.0436649430992109,-1.1266068697263119,0.8323704327579902,2,8,32.8735,18.9135,18.0129,50.8865,69.8,0,3.522633,2.9913979,2.9451177,3.9490588,4.259859
ID1729002155,csiro-biomass\train\train\ID1729002155.jpg,2015-10-06,NSW,Fescue,-2.086356092244559,-0.18757765877364263,0.0,10,279,-0.897016243111896,1.0436649430992109,-1.1584395162161214,0.6199019836281188,0,1,19.8538,20.7462,0.0,19.8538,40.6,4,3.0375361,3.0794392,0.0,3.0375361,3.7281
ID1746343319,csiro-biomass\train\train\ID1746343319.jpg,2015-11-09,Tas,Ryegrass_Clover,-2.020628142638902,-0.49546479746077554,0.0,11,313,-0.3251238310210055,1.5813971573999726,-0.8399558928851776,1.4575427432266728,1,11,6.9,18.0,0.6,7.5,25.5,1,2.0668628,2.944439,0.47000363,2.1400661,3.2771447
ID1753847361,csiro-biomass\train\train\ID1753847361.jpg,2015-09-30,Vic,Phalaris_Clover,1.1343134384326443,0.9143193661680581,0.0,9,273,-1.1063433941687213,0.30910907793111153,-1.1638958307869425,0.45864025501659345,2,7,51.2725,3.5437,34.9938,86.2663,89.81,1,3.9564705,1.5137417,3.5833468,4.468964,4.5087695
ID1761544403,csiro-biomass\train\train\ID1761544403.jpg,2015-08-21,WA,Clover,-0.7717971001314144,-0.6413045385258273,0.0,8,233,-0.8970162431118959,-0.4254467872369877,-0.8094171360069519,-0.5287834952669702,3,0,0.0,0.0,32.64,32.64,32.64,2,0.0,0.0,3.5157158,3.5157158,3.5157158
ID1781353117,csiro-biomass\train\train\ID1781353117.jpg,2015-05-18,Tas,Ryegrass,0.21412214395344323,-0.3496250563957238,0.0,5,138,1.237315295274428,-0.9631790015377493,1.3622288727116874,-0.6415470146262103,1,10,15.185,11.0291,1.7583,16.9433,27.9724,0,2.784085,2.4873288,1.0146145,2.8872168,3.3663437
ID1782509721,csiro-biomass\train\train\ID1782509721.jpg,2015-10-06,NSW,Fescue,-1.7577163442162729,0.03928091977774759,0.0,10,279,-0.897016243111896,1.0436649430992109,-1.1584395162161214,0.6199019836281188,0,1,30.1374,26.2626,0.0,30.1374,56.4,2,3.4384096,3.3055158,0.0,3.4384096,4.0500445
ID1782608354,csiro-biomass\train\train\ID1782608354.jpg,2015-09-01,WA,Ryegrass,1.0028575392213306,0.9143193661680581,0.0,9,244,-1.1063433941687213,0.30910907793111153,-0.9707063342954942,-0.28649306435006355,3,10,72.1,0.0,0.07,72.17,72.17,3,4.291828,0.0,0.06765865,4.2927856,4.2927856
ID1783499590,csiro-biomass\train\train\ID1783499590.jpg,2015-06-26,Vic,Ryegrass,0.9371295896156733,-0.203785315330672,0.0,6,177,0.4560957321267118,-1.160002652405086,0.47088895990883783,-1.0728915451407008,2,10,13.6615,18.2154,1.1385,14.8,33.0154,3,2.685225,2.955712,0.76010466,2.76001,3.5268133
ID1784585001,csiro-biomass\train\train\ID1784585001.jpg,2015-11-09,Tas,Clover,0.9371295896156733,-0.3010118093740399,0.0,11,313,-0.3251238310210055,1.5813971573999726,-0.8399558928851776,1.4575427432266728,1,0,3.788,12.3111,35.0394,38.8275,51.1386,1,1.5661128,2.5885983,3.5846128,3.6845577,3.9539056
ID1789265307,csiro-biomass\train\train\ID1789265307.jpg,2015-11-09,Tas,Clover,1.3972252368552736,-0.041737917708590866,0.0,11,313,-0.3251238310210055,1.5813971573999726,-0.8399558928851776,1.4575427432266728,1,0,1.0751,19.3509,69.8783,70.9533,90.3042,3,0.7300093,3.0131252,4.2609644,4.276017,4.514197
ID1789834546,csiro-biomass\train\train\ID1789834546.jpg,2015-10-14,Vic,Phalaris_Clover_Ryegrass_Barleygrass_Bromegrass,-0.9032529993427291,-0.3334173998386944,0.0,10,287,-0.897016243111896,1.0436649430992109,-1.1266068697263119,0.8323704327579902,2,8,21.4,14.8756,6.5244,27.9244,42.8,3,3.109061,2.7647834,2.018151,3.3646855,3.7796338
ID1789853061,csiro-biomass\train\train\ID1789853061.jpg,2015-08-18,Vic,Phalaris_Clover,1.3972252368552736,-0.23295326354368234,0.0,8,230,-0.8970162431118959,-0.4254467872369877,-0.7581102109573252,-0.5889239104166735,2,7,36.6302,7.5415,12.9283,49.5585,57.1,2,3.627807,2.1449366,2.6339228,3.923131,4.0621657
ID1831254380,csiro-biomass\train\train\ID1831254380.jpg,2015-11-09,Tas,Clover,1.2000413880383016,-0.2199929718877014,0.0,11,313,-0.3251238310210055,1.5813971573999726,-0.8399558928851776,1.4575427432266728,1,0,0.8754,15.758,71.7865,72.662,88.42,2,0.62882197,2.8188758,4.2875304,4.299487,4.4933443
ID1839139621,csiro-biomass\train\train\ID1839139621.jpg,2015-05-18,Tas,Ryegrass,0.9371295896156733,0.03928091977774759,0.0,5,138,1.237315295274428,-0.9631790015377493,1.3622288727116874,-0.6415470146262103,1,10,31.5263,10.3894,0.0,31.5264,41.9157,1,3.482049,2.432683,0.0,3.482052,3.7592378
ID1853508321,csiro-biomass\train\train\ID1853508321.jpg,2015-09-03,Tas,Ryegrass_Clover,-1.3633486465823297,-0.576483634947114,0.0,9,246,-1.1063433941687213,0.30910907793111153,-0.9951981397127253,-0.23921446835169946,1,11,28.5232,1.1786,0.0,28.5232,29.7018,1,3.3851764,0.7786825,0.0,3.3851764,3.4243212
ID1857489997,csiro-biomass\train\train\ID1857489997.jpg,2015-07-01,Vic,Phalaris_Clover,0.01693829513647212,-0.44685155043909164,0.0,7,182,-0.32512383102100434,-0.9631790015377494,0.34287516972230997,-1.0801177930310104,2,7,13.3043,2.3478,2.3478,15.6522,18.0,1,2.6605601,1.2083035,1.2083035,2.8125422,2.944439
ID1859251563,csiro-biomass\train\train\ID1859251563.jpg,2015-01-15,NSW,Lucerne,1.1343134384326443,6.067323550466553,0.0,1,15,1.237315295274428,1.5813971573999728,0.7073061524490798,1.9961531026197616,0,3,119.6,6.9,0.0,119.6,126.5,2,4.792479,2.0668628,0.0,4.792479,4.8481164
ID1859792585,csiro-biomass\train\train\ID1859792585.jpg,2015-05-18,Tas,Ryegrass,-0.245973503286157,-0.3496250563957238,0.0,5,138,1.237315295274428,-0.9631790015377493,1.3622288727116874,-0.6415470146262103,1,10,22.6087,30.83,0.7708,23.3794,54.2095,2,3.1616154,3.4604092,0.5714314,3.1937385,4.011135
ID1868719645,csiro-biomass\train\train\ID1868719645.jpg,2015-07-02,Vic,Ryegrass_Clover,0.7399457407987015,-0.3496250563957238,0.0,7,183,-0.32512383102100434,-0.9631790015377494,0.3172278429478333,-1.0801756479420925,2,11,20.5478,2.4174,4.8348,25.3826,27.8,3,3.0702736,1.22888,1.76384,3.2727048,3.3603754
ID187238869,csiro-biomass\train\train\ID187238869.jpg,2015-09-29,Vic,Ryegrass_Clover,0.608489841587387,-0.3496250563957238,0.0,9,272,-1.1063433941687213,0.30910907793111153,-1.1632616744395088,0.43174299076275136,2,11,28.9098,2.972,11.8881,40.798,43.77,4,3.3981862,1.3792697,2.5563045,3.7328484,3.8015382
ID1874904894,csiro-biomass\train\train\ID1874904894.jpg,2015-10-13,Vic,Phalaris_BarleyGrass_SilverGrass_SpearGrass_Clover_Capeweed,-2.349267890667188,-0.44685155043909164,0.0,10,286,-0.897016243111896,1.0436649430992109,-1.1321063693645246,0.8060907655763795,2,6,4.1458,29.1542,0.0,4.1458,33.3,2,1.6381809,3.4063241,0.0,1.6381809,3.5351453
ID1876271942,csiro-biomass\train\train\ID1876271942.jpg,2015-02-24,NSW,Ryegrass,0.14839419434778667,0.23373390786448328,0.0,2,55,1.8092077073653192,1.0436649430992109,1.536233167618223,1.3985698904808481,0,10,47.9386,8.3614,0.0,47.9386,56.3,1,3.8905663,2.236595,0.0,3.8905663,4.0483007
ID1880764911,csiro-biomass\train\train\ID1880764911.jpg,2015-05-18,Tas,Ryegrass,-0.9032529993427291,-0.2523985623523559,0.0,5,138,1.237315295274428,-0.9631790015377493,1.3622288727116874,-0.6415470146262103,1,10,15.1546,21.9343,5.9821,21.1367,43.0709,2,2.7822049,3.1326337,1.9433497,3.0972369,3.7857997
ID1888700589,csiro-biomass\train\train\ID1888700589.jpg,2015-07-08,WA,Clover,-0.11451760407484243,-0.5440780444824594,0.0,7,189,-0.32512383102100434,-0.9631790015377494,0.1636690960379408,-1.0708124516088493,3,0,20.9,0.0,1.62,22.52,22.52,4,3.0864866,0.0,0.96317434,3.1578512,3.1578512
ID1889150649,csiro-biomass\train\train\ID1889150649.jpg,2015-09-01,WA,SubcloverLosa,-2.2178119914558736,-0.6413045385258273,0.0,9,244,-1.1063433941687213,0.30910907793111153,-0.9707063342954942,-0.28649306435006355,3,13,0.0,0.0,2.48,2.48,2.48,2,0.0,0.0,1.2470323,1.2470323,1.2470323
ID1894998379,csiro-biomass\train\train\ID1894998379.jpg,2015-10-13,Vic,Phalaris_BarleyGrass_SilverGrass_SpearGrass_Clover_Capeweed,-1.5605324953993014,-0.32045710818271345,0.0,10,286,-0.897016243111896,1.0436649430992109,-1.1321063693645246,0.8060907655763795,2,6,8.4236,35.0985,13.4778,21.9015,57.0,3,2.2432172,3.5862513,2.6726165,3.1312025,4.060443
ID1899025384,csiro-biomass\train\train\ID1899025384.jpg,2015-06-26,Tas,Ryegrass_Clover,0.2798500935591005,-0.3496250563957238,0.0,6,177,0.4560957321267118,-1.160002652405086,0.47088895990883783,-1.0728915451407008,1,11,11.1604,8.6803,0.4133,11.5737,20.254,0,2.498185,2.270093,0.3459274,2.5316074,3.056545
ID1920959057,csiro-biomass\train\train\ID1920959057.jpg,2015-07-02,Vic,Ryegrass_Clover,0.5427618919817296,-0.44685155043909164,0.0,7,183,-0.32512383102100434,-0.9631790015377494,0.3172278429478333,-1.0801756479420925,2,11,12.4667,2.6714,3.5619,16.0286,18.7,0,2.60022,1.3005731,1.5177392,2.8348944,2.9806187
ID193102215,csiro-biomass\train\train\ID193102215.jpg,2015-04-01,NSW,Lucerne,0.01693829513647212,2.3727167768185757,0.0,4,91,1.8092077073653192,-0.42544678723698676,1.8177595006327103,0.4922713985007081,0,3,22.8,0.0,0.0,22.8,22.8,1,3.1696856,0.0,0.0,3.1696856,3.1696856
ID1946311744,csiro-biomass\train\train\ID1946311744.jpg,2015-09-29,Vic,Ryegrass_Clover,1.1343134384326443,0.03928091977774759,0.0,9,272,-1.1063433941687213,0.30910907793111153,-1.1632616744395088,0.43174299076275136,2,11,40.3989,2.8017,28.5594,68.9583,71.76,3,3.7232542,1.3354484,3.386402,4.2478995,4.2871666
ID194823383,csiro-biomass\train\train\ID194823383.jpg,2015-07-08,WA,Clover,0.01693829513647212,-0.44685155043909164,0.0,7,189,-0.32512383102100434,-0.9631790015377494,0.1636690960379408,-1.0708124516088493,3,0,20.8,0.0,4.91,25.71,25.71,3,3.08191,0.0,1.7766458,3.285038,3.285038
ID1948354837,csiro-biomass\train\train\ID1948354837.jpg,2015-01-15,NSW,Fescue_CrumbWeed,-0.18024555368049971,-0.2523985623523559,0.0,1,15,1.237315295274428,1.5813971573999728,0.7073061524490798,1.9961531026197616,0,2,19.0341,14.4659,0.0,19.0341,33.5,0,2.9974358,2.7386377,0.0,2.9974358,3.5409594
ID1952813879,csiro-biomass\train\train\ID1952813879.jpg,2015-06-26,Vic,Ryegrass,0.14839419434778667,-0.3982383034174077,0.0,6,177,0.4560957321267118,-1.160002652405086,0.47088895990883783,-1.0728915451407008,2,10,3.525,8.225,0.5875,4.1125,12.3375,2,1.5096176,2.2219172,0.46216044,1.6316886,2.5905795
ID1953171547,csiro-biomass\train\train\ID1953171547.jpg,2015-09-04,Tas,Ryegrass_Clover,-1.429076596187987,-0.203785315330672,0.0,9,247,-1.1063433941687213,0.30910907793111153,-1.006859004576357,-0.21525070083077605,1,11,15.989,58.7479,0.692,16.681,75.4289,0,2.832566,4.090134,0.5259113,2.8724906,4.336361
ID1953218650,csiro-biomass\train\train\ID1953218650.jpg,2015-11-10,Tas,Ryegrass_Clover,-1.0347088985540436,-0.43064389388206226,0.0,11,314,-0.3251238310210055,1.5813971573999726,-0.8238176129147263,1.4784540565902198,1,11,6.7,5.2,3.8,10.5,15.7,2,2.0412202,1.8245493,1.5686159,2.442347,2.8154087
ID1954669045,csiro-biomass\train\train\ID1954669045.jpg,2015-06-30,Vic,Phalaris_Clover,0.8056736904043588,-0.4662968492477652,0.0,6,181,0.4560957321267118,-1.160002652405086,0.3685177531083336,-1.079597130931854,2,7,18.772,10.469,6.859,25.631,36.1,3,2.9842668,2.4396477,2.0616593,3.282076,3.613617
ID1962197151,csiro-biomass\train\train\ID1962197151.jpg,2015-04-01,NSW,Lucerne,0.4113059927704151,2.6643962589486794,0.0,4,91,1.8092077073653192,-0.42544678723698676,1.8177595006327103,0.4922713985007081,0,3,22.0,0.0,0.0,22.0,22.0,4,3.1354942,0.0,0.0,3.1354942,3.1354942
ID1962379474,csiro-biomass\train\train\ID1962379474.jpg,2015-11-10,Tas,Ryegrass_Clover,-0.7060691505257572,-0.23619090579532656,0.0,11,314,-0.3251238310210055,1.5813971573999726,-0.8238176129147263,1.4784540565902198,1,11,17.341,40.1734,1.4451,18.7861,58.9595,3,2.909139,3.7177925,0.894086,2.9849796,4.0936694
ID1963715583,csiro-biomass\train\train\ID1963715583.jpg,2015-07-08,WA,Clover,-3.269459185146389,-0.6413045385258273,0.0,7,189,-0.32512383102100434,-0.9631790015377494,0.1636690960379408,-1.0708124516088493,3,0,0.7,0.0,0.34,1.04,1.04,4,0.5306282,0.0,0.29266962,0.7129498,0.7129498
ID196516535,csiro-biomass\train\train\ID196516535.jpg,2015-05-18,Tas,Ryegrass,-1.3633486465823297,-0.44685155043909164,0.0,5,138,1.237315295274428,-0.9631790015377493,1.3622288727116874,-0.6415470146262103,1,10,9.0231,24.8461,0.5231,9.5462,34.3923,4,2.3048923,3.2521596,0.42074776,2.3557656,3.5664942
ID1970522802,csiro-biomass\train\train\ID1970522802.jpg,2015-05-07,NSW,Fescue,-0.7060691505257572,-0.3496250563957238,0.0,5,127,1.237315295274428,-0.9631790015377493,1.54553770729765,-0.4171499635673449,0,1,32.8911,13.5089,0.0,32.8911,46.4,1,3.5231526,2.6747622,0.0,3.5231526,3.8586223
ID1976436386,csiro-biomass\train\train\ID1976436386.jpg,2015-10-14,Vic,Phalaris_Clover_Ryegrass_Barleygrass_Bromegrass,-0.9032529993427291,-0.15517206830898808,0.0,10,287,-0.897016243111896,1.0436649430992109,-1.1266068697263119,0.8323704327579902,2,8,26.6742,25.2703,7.9555,34.6297,59.9,0,3.3205006,3.268439,2.192268,3.5731795,4.1092334
ID1980675327,csiro-biomass\train\train\ID1980675327.jpg,2015-06-26,Tas,Ryegrass_Clover,-0.44315735210312884,-0.6413045385258273,0.0,6,177,0.4560957321267118,-1.160002652405086,0.47088895990883783,-1.0728915451407008,1,11,14.7312,9.0024,2.6598,17.391,26.3934,2,2.755646,2.3028252,1.2974085,2.9118614,3.310302
ID1982662138,csiro-biomass\train\train\ID1982662138.jpg,2015-04-01,NSW,Lucerne,0.871401640010016,2.4699432708619438,0.0,4,91,1.8092077073653192,-0.42544678723698676,1.8177595006327103,0.4922713985007081,0,3,35.9406,1.1594,0.0,35.9406,37.1,2,3.6093113,0.7698304,0.0,3.6093113,3.6402142
ID1988033238,csiro-biomass\train\train\ID1988033238.jpg,2015-08-18,Vic,Phalaris_Clover,0.6742177911930441,-0.427406251630418,0.0,8,230,-0.8970162431118959,-0.4254467872369877,-0.7581102109573252,-0.5889239104166735,2,7,21.1479,12.4718,4.8803,26.0282,38.5,3,3.0977426,2.6005986,1.7716078,3.2968807,3.6763008
ID1989506559,csiro-biomass\train\train\ID1989506559.jpg,2015-11-10,Tas,Ryegrass_Clover,0.9371295896156733,-0.31721946593106926,0.0,11,314,-0.3251238310210055,1.5813971573999726,-0.8238176129147263,1.4784540565902198,1,11,28.377,8.1077,15.202,43.579,51.6867,2,3.380212,2.2091203,2.7851346,3.797263,3.964363
ID1993907137,csiro-biomass\train\train\ID1993907137.jpg,2015-05-18,Tas,Ryegrass,-1.0347088985540436,-0.44685155043909164,0.0,5,138,1.237315295274428,-0.9631790015377493,1.3622288727116874,-0.6415470146262103,1,10,15.9528,12.8356,0.1834,16.1362,28.9718,3,2.8304331,2.627245,0.16839164,2.8411932,3.4002569
ID1997244125,csiro-biomass\train\train\ID1997244125.jpg,2015-06-26,Tas,Ryegrass_Clover,-1.6919883946106156,-0.44685155043909164,0.0,6,177,0.4560957321267118,-1.160002652405086,0.47088895990883783,-1.0728915451407008,1,11,4.1536,46.0672,0.0,4.1536,50.2208,3,1.6396955,3.8515763,0.0,1.6396955,3.9361458
ID2002797732,csiro-biomass\train\train\ID2002797732.jpg,2015-07-01,Vic,Phalaris_Clover,0.01693829513647212,-0.5440780444824594,0.0,7,182,-0.32512383102100434,-0.9631790015377494,0.34287516972230997,-1.0801177930310104,2,7,9.35,3.3,0.55,9.9,13.2,0,2.3369865,1.4586151,0.43825492,2.3887627,2.6532419
ID2003438517,csiro-biomass\train\train\ID2003438517.jpg,2015-07-02,Vic,Ryegrass_Clover,0.5427618919817296,-0.3496250563957238,0.0,7,183,-0.32512383102100434,-0.9631790015377494,0.3172278429478333,-1.0801756479420925,2,11,13.52,2.08,5.2,18.72,20.8,3,2.675527,1.1249295,1.8245493,2.9816334,3.08191
ID2006686196,csiro-biomass\train\train\ID2006686196.jpg,2015-10-14,Vic,Phalaris_Clover_Ryegrass_Barleygrass_Bromegrass,-1.2976206969766724,0.16891300428576989,0.0,10,287,-0.897016243111896,1.0436649430992109,-1.1266068697263119,0.8323704327579902,2,8,28.0419,38.8581,0.0,28.0419,66.9,1,3.3687396,3.6853256,0.0,3.3687396,4.218036
ID2010625680,csiro-biomass\train\train\ID2010625680.jpg,2015-07-08,WA,Clover,0.608489841587387,-0.44685155043909164,0.0,7,189,-0.32512383102100434,-0.9631790015377494,0.1636690960379408,-1.0708124516088493,3,0,5.0589,0.0,37.5911,42.65,42.65,2,1.8015282,0.0,3.6530216,3.7762034,3.7762034
ID2014192906,csiro-biomass\train\train\ID2014192906.jpg,2015-06-26,Vic,Ryegrass,-0.18024555368049971,-0.44685155043909164,0.0,6,177,0.4560957321267118,-1.160002652405086,0.47088895990883783,-1.0728915451407008,2,10,3.0,7.0,0.5,3.5,10.1912,2,1.3862944,2.0794415,0.4054651,1.5040774,2.4151278
ID2030696575,csiro-biomass\train\train\ID2030696575.jpg,2015-11-09,Tas,Clover,-2.2835399410615307,-0.6250968819687979,0.0,11,313,-0.3251238310210055,1.5813971573999726,-0.8399558928851776,1.4575427432266728,1,0,1.6,2.6,2.1,3.7,6.3,0,0.95551145,1.2809339,1.1314021,1.5475625,1.9878744
ID2037861084,csiro-biomass\train\train\ID2037861084.jpg,2015-06-30,Vic,Phalaris_Clover,0.7399457407987015,-0.36907035520439735,0.0,6,181,0.4560957321267118,-1.160002652405086,0.3685177531083336,-1.079597130931854,2,7,28.6831,12.2169,0.0,28.6831,40.9,4,3.3905778,2.5814962,0.0,3.3905778,3.7352858
ID2048645043,csiro-biomass\train\train\ID2048645043.jpg,2015-06-26,Vic,Ryegrass,0.6742177911930441,-0.3496250563957238,0.0,6,177,0.4560957321267118,-1.160002652405086,0.47088895990883783,-1.0728915451407008,2,10,10.4651,11.5116,4.186,14.6512,26.1628,0,2.4393077,2.5266562,1.6459627,2.7505476,3.3018484
ID2052442675,csiro-biomass\train\train\ID2052442675.jpg,2015-05-19,Tas,Ryegrass_Clover,-1.494804545793644,-0.5440780444824594,0.0,5,139,1.237315295274428,-0.9631790015377493,1.3436220692273737,-0.6600643841609672,1,11,14.5,2.7,0.0,14.5,17.2,4,2.74084,1.3083328,0.0,2.74084,2.9014215
ID2052993274,csiro-biomass\train\train\ID2052993274.jpg,2015-02-24,NSW,Phalaris,0.01693829513647212,2.3727167768185757,0.0,2,55,1.8092077073653192,1.0436649430992109,1.536233167618223,1.3985698904808481,0,5,103.6236,1.7764,0.0,103.6236,105.4,1,4.650369,1.0211551,0.0,4.650369,4.667206
ID2053315094,csiro-biomass\train\train\ID2053315094.jpg,2015-02-25,NSW,Fescue,-0.5746132513144434,0.42818689595121895,0.0,2,56,1.8092077073653192,1.0436649430992109,1.5510528800141143,1.3766106956797473,0,1,50.8889,17.8111,0.0,50.8889,68.7,4,3.949105,2.934447,0.0,3.949105,4.2442
ID2056023629,csiro-biomass\train\train\ID2056023629.jpg,2015-02-25,NSW,Fescue,0.14839419434778667,0.42818689595121895,0.0,2,56,1.8092077073653192,1.0436649430992109,1.5510528800141143,1.3766106956797473,0,1,57.6643,25.1357,0.0,57.6643,82.8,2,4.071831,3.263302,0.0,4.071831,4.428433
ID2056982009,csiro-biomass\train\train\ID2056982009.jpg,2015-09-29,Vic,Ryegrass_Clover,0.4113059927704151,-0.44685155043909164,0.0,9,272,-1.1063433941687213,0.30910907793111153,-1.1632616744395088,0.43174299076275136,2,11,30.8534,1.5598,4.0868,34.9402,36.5,2,3.4611442,0.9399291,1.626649,3.5818565,3.624341
ID2069766023,csiro-biomass\train\train\ID2069766023.jpg,2015-06-26,Tas,Ryegrass_Clover,-1.429076596187987,-0.2523985623523559,0.0,6,177,0.4560957321267118,-1.160002652405086,0.47088895990883783,-1.0728915451407008,1,11,6.1907,32.7742,1.8208,8.0115,40.7857,1,1.9727886,3.5196972,1.0370204,2.1985016,3.7325542
ID2086966681,csiro-biomass\train\train\ID2086966681.jpg,2015-06-29,Tas,WhiteClover,-0.5746132513144434,-0.44685155043909164,0.0,6,180,0.4560957321267118,-1.160002652405086,0.39414800505292946,-1.0786138157169143,1,14,1.7557,30.7245,3.804,5.5597,36.2842,4,1.0136715,3.4570892,1.5694488,1.8809448,3.6185696
ID2089023774,csiro-biomass\train\train\ID2089023774.jpg,2015-09-29,Vic,Ryegrass_Clover,1.0028575392213306,-0.2523985623523559,0.0,9,272,-1.1063433941687213,0.30910907793111153,-1.1632616744395088,0.43174299076275136,2,11,33.4869,1.3042,17.5189,51.0058,52.31,2,3.5405796,0.83473355,2.9187918,3.9513552,3.976124
ID2091439402,csiro-biomass\train\train\ID2091439402.jpg,2015-06-26,Vic,Phalaris_Ryegrass_Clover,1.068585488826987,-0.3982383034174077,0.0,6,177,0.4560957321267118,-1.160002652405086,0.47088895990883783,-1.0728915451407008,2,9,22.4712,4.9327,1.0962,23.5673,28.5,4,3.155774,1.7804794,0.7401262,3.2014163,3.3843904
ID2096636211,csiro-biomass\train\train\ID2096636211.jpg,2015-10-13,Vic,Phalaris_BarleyGrass_SilverGrass_SpearGrass_Clover_Capeweed,-1.8234442938219302,-0.4662968492477652,0.0,10,286,-0.897016243111896,1.0436649430992109,-1.1321063693645246,0.8060907655763795,2,6,11.4,32.2,2.6,14.0,46.2,3,2.5176964,3.50255,1.2809339,2.7080503,3.854394
ID2099464826,csiro-biomass\train\train\ID2099464826.jpg,2015-10-06,NSW,Fescue,-0.04878965446918516,0.2985548114431967,0.0,10,279,-0.897016243111896,1.0436649430992109,-1.1584395162161214,0.6199019836281188,0,1,69.52,25.28,0.0,69.52,94.8,3,4.255896,3.2688081,0.0,4.255896,4.5622625
ID2099742797,csiro-biomass\train\train\ID2099742797.jpg,2015-07-02,Vic,Ryegrass_Clover,0.608489841587387,-0.5440780444824594,0.0,7,183,-0.32512383102100434,-0.9631790015377494,0.3172278429478333,-1.0801756479420925,2,11,15.18,1.38,4.14,19.32,20.7,2,2.783776,0.8671005,1.637053,3.0116055,3.0773122
ID210865340,csiro-biomass\train\train\ID210865340.jpg,2015-07-01,Tas,Ryegrass,0.0826662447421294,-0.3496250563957238,0.0,7,182,-0.32512383102100434,-0.9631790015377494,0.34287516972230997,-1.0801177930310104,1,10,12.9966,9.0731,0.0,12.9966,22.0697,0,2.6388144,2.3098686,0.0,2.6388144,3.13852
ID212206250,csiro-biomass\train\train\ID212206250.jpg,2015-07-08,WA,Clover,-2.349267890667188,-0.6413045385258273,0.0,7,189,-0.32512383102100434,-0.9631790015377494,0.1636690960379408,-1.0708124516088493,3,0,2.4,0.0,7.32,9.72,9.72,4,1.2237755,0.0,2.118662,2.372111,2.372111
ID212206832,csiro-biomass\train\train\ID212206832.jpg,2015-06-26,Vic,Ryegrass,0.608489841587387,-0.44685155043909164,0.0,6,177,0.4560957321267118,-1.160002652405086,0.47088895990883783,-1.0728915451407008,2,10,5.6924,13.3262,0.7014,6.3938,19.72,1,1.9009726,2.66209,0.5314514,2.0006418,3.0310993
ID2125100696,csiro-biomass\train\train\ID2125100696.jpg,2015-08-14,Vic,Phalaris_Clover,0.9371295896156733,-0.2523985623523559,0.0,8,226,-0.8970162431118959,-0.4254467872369877,-0.6852318095167987,-0.6646410467420302,2,7,34.6182,4.9455,14.8364,49.4545,54.4,0,3.5728567,1.7826346,2.762311,3.921072,4.01458
ID2131261930,csiro-biomass\train\train\ID2131261930.jpg,2015-11-09,Tas,Ryegrass_Clover,0.47703394237607233,-0.3010118093740399,0.0,11,313,-0.3251238310210055,1.5813971573999726,-0.8399558928851776,1.4575427432266728,1,11,31.4721,42.7122,6.744,38.2161,80.9283,3,3.4803813,3.7776272,2.0469184,3.6690874,4.4058447
ID21377800,csiro-biomass\train\train\ID21377800.jpg,2015-06-26,Tas,Ryegrass_Clover,-0.44315735210312884,-0.3496250563957238,0.0,6,177,0.4560957321267118,-1.160002652405086,0.47088895990883783,-1.0728915451407008,1,11,9.1208,28.3224,0.48,9.6008,37.9232,4,2.3145926,3.3783517,0.39204207,2.3609295,3.6615903
ID2145635095,csiro-biomass\train\train\ID2145635095.jpg,2015-07-01,Tas,Ryegrass,0.47703394237607233,-0.15517206830898808,0.0,7,182,-0.32512383102100434,-0.9631790015377494,0.34287516972230997,-1.0801177930310104,1,10,22.7022,17.5621,0.0,22.7022,40.2643,3,3.1655679,2.9211218,0.0,3.1655679,3.7199976
ID227847873,csiro-biomass\train\train\ID227847873.jpg,2015-09-29,Vic,Ryegrass_Clover,0.34557804316475776,-0.44685155043909164,0.0,9,272,-1.1063433941687213,0.30910907793111153,-1.1632616744395088,0.43174299076275136,2,11,23.9377,7.5836,8.6387,32.5764,40.16,2,3.2163808,2.1498535,2.2657862,3.5138235,3.7174668
ID230058600,csiro-biomass\train\train\ID230058600.jpg,2015-08-21,WA,Clover,0.0826662447421294,-0.44685155043909164,0.0,8,233,-0.8970162431118959,-0.4254467872369877,-0.8094171360069519,-0.5287834952669702,3,0,0.0,0.0,46.83,46.83,46.83,2,0.0,0.0,3.8676531,3.8676531,3.8676531
ID249042826,csiro-biomass\train\train\ID249042826.jpg,2015-09-04,Tas,Clover,-0.8375250497370718,-0.463059206996121,0.0,9,247,-1.1063433941687213,0.30910907793111153,-1.006859004576357,-0.21525070083077605,1,0,1.8,3.8769,10.6616,12.4615,16.3385,1,1.0296195,1.5845097,2.4563015,2.5998337,2.8529294
ID257822026,csiro-biomass\train\train\ID257822026.jpg,2015-11-10,Tas,Ryegrass_Clover,-0.44315735210312884,-0.041737917708590866,0.0,11,314,-0.3251238310210055,1.5813971573999726,-0.8238176129147263,1.4784540565902198,1,11,24.0,58.125,0.0,24.0,82.125,0,3.218876,4.0796537,0.0,3.218876,4.4203453
ID290369222,csiro-biomass\train\train\ID290369222.jpg,2015-05-18,Tas,Ryegrass,1.265769337643959,0.03928091977774759,0.0,5,138,1.237315295274428,-0.9631790015377493,1.3622288727116874,-0.6415470146262103,1,10,40.8478,11.4741,0.0,40.8478,52.3219,3,3.7340393,2.5236545,0.0,3.7340393,3.9763472
ID294150104,csiro-biomass\train\train\ID294150104.jpg,2015-09-29,Vic,Ryegrass_Clover,0.8056736904043588,-0.44685155043909164,0.0,9,272,-1.1063433941687213,0.30910907793111153,-1.1632616744395088,0.43174299076275136,2,11,20.5855,3.167,13.9876,34.573,37.74,2,3.0720217,1.4271963,2.7072232,3.571587,3.6568727
ID307060225,csiro-biomass\train\train\ID307060225.jpg,2015-06-26,Tas,Ryegrass_Clover,-0.8375250497370718,-0.5440780444824594,0.0,6,177,0.4560957321267118,-1.160002652405086,0.47088895990883783,-1.0728915451407008,1,11,14.2453,15.6092,0.3031,14.5484,30.1575,3,2.7242713,2.8099568,0.26474604,2.7439578,3.439055
ID315357834,csiro-biomass\train\train\ID315357834.jpg,2015-07-01,Tas,Ryegrass,1.1343134384326443,-0.15517206830898808,0.0,7,182,-0.32512383102100434,-0.9631790015377494,0.34287516972230997,-1.0801177930310104,1,10,27.2448,5.7792,0.0,27.2448,33.024,2,3.3409095,1.9138591,0.0,3.3409095,3.527066
ID317990700,csiro-biomass\train\train\ID317990700.jpg,2015-09-04,Tas,Ryegrass_Clover,0.608489841587387,-0.203785315330672,0.0,9,247,-1.1063433941687213,0.30910907793111153,-1.006859004576357,-0.21525070083077605,1,11,27.5062,38.1288,0.0,27.5062,65.635,2,3.3501217,3.6668587,0.0,3.3501217,4.19923
ID325799913,csiro-biomass\train\train\ID325799913.jpg,2015-10-13,Vic,Phalaris_BarleyGrass_SilverGrass_SpearGrass_Clover_Capeweed,-1.8891722434275875,-0.427406251630418,0.0,10,286,-0.897016243111896,1.0436649430992109,-1.1321063693645246,0.8060907655763795,2,6,11.3527,19.2502,2.797,14.1498,33.4,3,2.5138748,3.0081646,1.3342112,2.7179873,3.5380566
ID332742639,csiro-biomass\train\train\ID332742639.jpg,2015-08-18,Vic,Phalaris_Clover,0.7399457407987015,-0.49546479746077554,0.0,8,230,-0.8970162431118959,-0.4254467872369877,-0.7581102109573252,-0.5889239104166735,2,7,19.9924,3.3949,6.4127,26.4051,29.8,0,3.0441604,1.4804449,2.0031948,3.310729,3.4275146
ID342818398,csiro-biomass\train\train\ID342818398.jpg,2015-09-29,Vic,Ryegrass_Clover,0.4113059927704151,-0.44685155043909164,0.0,9,272,-1.1063433941687213,0.30910907793111153,-1.1632616744395088,0.43174299076275136,2,11,13.8948,3.1815,24.0237,37.9185,41.1,3,2.7010121,1.43067,3.2198234,3.6614697,3.7400477
ID344618040,csiro-biomass\train\train\ID344618040.jpg,2015-05-18,Tas,Ryegrass,-0.37742940249747153,-0.3496250563957238,0.0,5,138,1.237315295274428,-0.9631790015377493,1.3622288727116874,-0.6415470146262103,1,10,14.9081,6.7327,0.0,14.9081,21.6408,1,2.7668285,2.045458,0.0,2.7668285,3.1197536
ID353424190,csiro-biomass\train\train\ID353424190.jpg,2015-02-25,NSW,Fescue,-1.6262604450049587,-0.15517206830898808,0.0,2,56,1.8092077073653192,1.0436649430992109,1.5510528800141143,1.3766106956797473,0,1,22.7857,6.2143,0.0,22.7857,29.0,0,3.1690845,1.9760652,0.0,3.1690845,3.4011974
ID353997899,csiro-biomass\train\train\ID353997899.jpg,2015-06-30,Vic,Phalaris_Clover,0.14839419434778667,-0.44685155043909164,0.0,6,181,0.4560957321267118,-1.160002652405086,0.3685177531083336,-1.079597130931854,2,7,7.8492,35.7574,9.5934,17.4426,53.2,1,2.180327,3.6043396,2.3602312,2.9146633,3.992681
ID354528442,csiro-biomass\train\train\ID354528442.jpg,2015-02-24,NSW,Ryegrass,0.14839419434778667,0.23373390786448328,0.0,2,55,1.8092077073653192,1.0436649430992109,1.536233167618223,1.3985698904808481,0,10,56.4923,8.3077,0.0,56.4923,64.8,3,4.051651,2.230842,0.0,4.051651,4.1866198
ID363069566,csiro-biomass\train\train\ID363069566.jpg,2015-05-19,Tas,Ryegrass_Clover,0.14839419434778667,-0.44685155043909164,0.0,5,139,1.237315295274428,-0.9631790015377493,1.3436220692273737,-0.6600643841609672,1,11,12.5,5.5,0.2,12.7,18.2,2,2.6026897,1.8718022,0.18232155,2.6173959,2.9549103
ID364856705,csiro-biomass\train\train\ID364856705.jpg,2015-09-03,Tas,Ryegrass_Clover,1.265769337643959,-0.41444595997443706,0.0,9,246,-1.1063433941687213,0.30910907793111153,-0.9951981397127253,-0.23921446835169946,1,11,34.0871,4.6064,2.7638,36.8509,41.4573,3,3.5578337,1.7239088,1.3254291,3.6336548,3.748499
ID380752847,csiro-biomass\train\train\ID380752847.jpg,2015-09-01,WA,Ryegrass,1.0028575392213306,0.6226398840379547,0.0,9,244,-1.1063433941687213,0.30910907793111153,-0.9707063342954942,-0.28649306435006355,3,10,58.98,0.0,0.0,58.98,58.98,1,4.0940113,0.0,0.0,4.0940113,4.0940113
ID383231615,csiro-biomass\train\train\ID383231615.jpg,2015-06-26,Vic,Phalaris_Ryegrass_Clover,1.3314972872496162,-0.3496250563957238,0.0,6,177,0.4560957321267118,-1.160002652405086,0.47088895990883783,-1.0728915451407008,2,9,24.7245,5.7057,3.1698,27.8943,33.6,3,3.247444,1.9029579,1.427868,3.3636444,3.5438535
ID384648061,csiro-biomass\train\train\ID384648061.jpg,2015-10-06,NSW,Fescue,1.265769337643959,0.6874607876166681,0.0,10,279,-0.897016243111896,1.0436649430992109,-1.1584395162161214,0.6199019836281188,0,1,157.9836,27.7164,0.0,157.9836,185.7,4,5.068801,3.3574684,0.0,5.068801,5.229503
ID386216505,csiro-biomass\train\train\ID386216505.jpg,2015-08-14,Vic,Phalaris_Clover,-0.18024555368049971,-0.3496250563957238,0.0,8,226,-0.8970162431118959,-0.4254467872369877,-0.6852318095167987,-0.6646410467420302,2,7,21.4667,7.6667,3.0667,24.5333,32.2,1,3.112034,2.1594882,1.4028319,3.2399836,3.50255
ID397994621,csiro-biomass\train\train\ID397994621.jpg,2015-05-07,NSW,Fescue,1.3314972872496162,0.13650741382111545,0.0,5,127,1.237315295274428,-0.9631790015377493,1.54553770729765,-0.4171499635673449,0,1,81.0,0.0,0.0,81.0,81.0,4,4.406719,0.0,0.0,4.406719,4.406719
ID407646960,csiro-biomass\train\train\ID407646960.jpg,2015-02-25,NSW,Fescue,-0.44315735210312884,0.33096040190785114,0.0,2,56,1.8092077073653192,1.0436649430992109,1.5510528800141143,1.3766106956797473,0,1,71.9138,35.5862,0.0,71.9138,107.5,0,4.289278,3.5996711,0.0,4.289278,4.68675
ID40849327,csiro-biomass\train\train\ID40849327.jpg,2015-08-21,WA,Clover,1.0028575392213306,-0.3496250563957238,0.0,8,233,-0.8970162431118959,-0.4254467872369877,-0.8094171360069519,-0.5287834952669702,3,0,0.0,0.0,51.97,51.97,51.97,4,0.0,0.0,3.9697258,3.9697258,3.9697258
ID415656958,csiro-biomass\train\train\ID415656958.jpg,2015-06-26,Vic,Ryegrass,0.34557804316475776,-0.3496250563957238,0.0,6,177,0.4560957321267118,-1.160002652405086,0.47088895990883783,-1.0728915451407008,2,10,4.8182,11.2424,1.0707,5.8889,17.1313,3,1.760991,2.5049055,0.72788674,1.9299114,2.8976398
ID423506847,csiro-biomass\train\train\ID423506847.jpg,2015-08-18,Vic,Phalaris_Clover,1.2000413880383016,-0.2523985623523559,0.0,8,230,-0.8970162431118959,-0.4254467872369877,-0.7581102109573252,-0.5889239104166735,2,7,43.2143,10.8036,0.9821,44.1964,55.0,1,3.7890482,2.4684045,0.6841569,3.8110175,4.0253515
ID429799190,csiro-biomass\train\train\ID429799190.jpg,2015-10-13,Vic,Phalaris_BarleyGrass_SilverGrass_SpearGrass_Clover_Capeweed,-1.429076596187987,-0.3010118093740399,0.0,10,286,-0.897016243111896,1.0436649430992109,-1.1321063693645246,0.8060907655763795,2,6,16.9645,21.8114,5.9241,22.8886,44.7,1,2.8883977,3.1272604,1.935008,3.1734014,3.8220983
ID431471530,csiro-biomass\train\train\ID431471530.jpg,2015-04-01,NSW,Lucerne,0.8056736904043588,2.3727167768185757,0.0,4,91,1.8092077073653192,-0.42544678723698676,1.8177595006327103,0.4922713985007081,0,3,45.5236,1.2764,0.0,45.5236,46.8,0,3.8399599,0.82259524,0.0,3.8399599,3.8670256
ID443091455,csiro-biomass\train\train\ID443091455.jpg,2015-10-14,Vic,Phalaris_Clover_Ryegrass_Barleygrass_Bromegrass,0.01693829513647212,-0.2848041528170105,0.0,10,287,-0.897016243111896,1.0436649430992109,-1.1266068697263119,0.8323704327579902,2,8,26.2547,11.9858,22.2594,48.5142,60.5,1,3.305226,2.5638564,3.1467094,3.9022593,4.119037
ID4464212,csiro-biomass\train\train\ID4464212.jpg,2015-05-18,Tas,Ryegrass,1.3972252368552736,-0.15517206830898808,0.0,5,138,1.237315295274428,-0.9631790015377493,1.3622288727116874,-0.6415470146262103,1,10,28.4103,8.1172,2.3192,30.7295,38.8467,4,3.381345,2.2101626,1.1997238,3.4572468,3.6850395
ID471758347,csiro-biomass\train\train\ID471758347.jpg,2015-08-14,Vic,Phalaris_Clover,0.5427618919817296,-0.15517206830898808,0.0,8,226,-0.8970162431118959,-0.4254467872369877,-0.6852318095167987,-0.6646410467420302,2,7,26.5778,3.3222,0.0,26.5778,29.9,3,3.317011,1.4637645,0.0,3.317011,3.430756
ID473494649,csiro-biomass\train\train\ID473494649.jpg,2015-09-01,WA,SubcloverDalkeith,-0.7717971001314144,-0.6413045385258273,0.0,9,244,-1.1063433941687213,0.30910907793111153,-0.9707063342954942,-0.28649306435006355,3,12,0.0,0.0,10.88,10.88,10.88,1,0.0,0.0,2.4748564,2.4748564,2.4748564
ID475010202,csiro-biomass\train\train\ID475010202.jpg,2015-09-01,WA,SubcloverLosa,0.34557804316475776,-0.6413045385258273,0.0,9,244,-1.1063433941687213,0.30910907793111153,-0.9707063342954942,-0.28649306435006355,3,13,0.0,0.0,36.76,36.76,36.76,1,0.0,0.0,3.6312504,3.6312504,3.6312504
ID482555369,csiro-biomass\train\train\ID482555369.jpg,2015-07-01,Tas,Ryegrass,-2.086356092244559,-0.44685155043909164,0.0,7,182,-0.32512383102100434,-0.9631790015377494,0.34287516972230997,-1.0801177930310104,1,10,2.5,15.9,0.0,2.5,18.4,4,1.2527629,2.8273137,0.0,1.2527629,2.9652731
ID48303557,csiro-biomass\train\train\ID48303557.jpg,2015-06-26,Tas,Ryegrass_Clover,0.9371295896156733,-0.3496250563957238,0.0,6,177,0.4560957321267118,-1.160002652405086,0.47088895990883783,-1.0728915451407008,1,11,60.0887,13.2399,0.0,60.0887,73.3286,1,4.112327,2.6560478,0.0,4.112327,4.308496
ID488873801,csiro-biomass\train\train\ID488873801.jpg,2015-06-26,Tas,Ryegrass_Clover,-0.245973503286157,-0.5440780444824594,0.0,6,177,0.4560957321267118,-1.160002652405086,0.47088895990883783,-1.0728915451407008,1,11,22.9088,8.3076,0.7552,23.664,31.9716,4,3.1742465,2.2308314,0.56258285,3.2053447,3.4956465
ID490139972,csiro-biomass\train\train\ID490139972.jpg,2015-05-18,Tas,Ryegrass,0.871401640010016,0.13650741382111545,0.0,5,138,1.237315295274428,-0.9631790015377493,1.3622288727116874,-0.6415470146262103,1,10,35.9864,9.9537,0.0,35.9864,45.9401,4,3.6105504,2.3936772,0.0,3.6105504,3.8488724
ID498304885,csiro-biomass\train\train\ID498304885.jpg,2015-05-07,NSW,Lucerne,0.0826662447421294,1.594904824471633,0.0,5,127,1.237315295274428,-0.9631790015377493,1.54553770729765,-0.4171499635673449,0,3,22.4868,7.4132,0.0,22.4868,29.9,2,3.1564386,2.129802,0.0,3.1564386,3.430756
ID50027657,csiro-biomass\train\train\ID50027657.jpg,2015-08-14,Vic,Phalaris_Clover,0.6742177911930441,-0.3496250563957238,0.0,8,226,-0.8970162431118959,-0.4254467872369877,-0.6852318095167987,-0.6646410467420302,2,7,39.8357,3.6214,7.2429,47.0786,50.7,2,3.7095568,1.5306977,2.109352,3.8728373,3.9454577
ID520514019,csiro-biomass\train\train\ID520514019.jpg,2015-07-02,Vic,Ryegrass_Clover,0.47703394237607233,-0.44685155043909164,0.0,7,183,-0.32512383102100434,-0.9631790015377494,0.3172278429478333,-1.0801756479420925,2,11,14.3391,3.3739,1.687,16.0261,19.4,3,2.730405,1.4756551,0.9884253,2.8347476,3.0155349
ID528010569,csiro-biomass\train\train\ID528010569.jpg,2015-08-18,Vic,Phalaris_Clover,1.265769337643959,-0.36907035520439735,0.0,8,230,-0.8970162431118959,-0.4254467872369877,-0.7581102109573252,-0.5889239104166735,2,7,30.8508,7.1746,7.1746,38.0254,45.2,0,3.4610624,2.1010318,2.1010318,3.6642127,3.83298
ID529933668,csiro-biomass\train\train\ID529933668.jpg,2015-08-18,Vic,Phalaris_Clover,1.068585488826987,-0.12600412009597775,0.0,8,230,-0.8970162431118959,-0.4254467872369877,-0.7581102109573252,-0.5889239104166735,2,7,39.3556,7.2286,4.0159,43.3714,50.6,3,3.69773,2.107616,1.6126128,3.7925951,3.9435217
ID534966093,csiro-biomass\train\train\ID534966093.jpg,2015-08-14,Vic,Ryegrass_Clover,0.608489841587387,-0.3496250563957238,0.0,8,226,-0.8970162431118959,-0.4254467872369877,-0.6852318095167987,-0.6646410467420302,2,11,26.7273,7.6364,7.6364,34.3636,42.0,4,3.3224175,2.1559858,2.1559858,3.5656831,3.7612002
ID54128926,csiro-biomass\train\train\ID54128926.jpg,2015-11-10,Tas,Ryegrass_Clover,0.7399457407987015,-0.07415323082264963,0.0,11,314,-0.3251238310210055,1.5813971573999726,-0.8238176129147263,1.4784540565902198,1,11,39.1446,24.4653,0.0,39.1446,63.6099,2,3.692488,3.2373166,0.0,3.692488,4.168368
ID544444725,csiro-biomass\train\train\ID544444725.jpg,2015-10-06,NSW,Fescue,-0.44315735210312884,0.5254133899945868,0.0,10,279,-0.897016243111896,1.0436649430992109,-1.1584395162161214,0.6199019836281188,0,1,60.9225,44.5775,0.0,60.9225,105.5,0,4.1258836,3.8194141,0.0,4.1258836,4.668145
ID545360459,csiro-biomass\train\train\ID545360459.jpg,2015-09-01,WA,Ryegrass,0.34557804316475776,0.23373390786448328,0.0,9,244,-1.1063433941687213,0.30910907793111153,-0.9707063342954942,-0.28649306435006355,3,10,47.73,0.0,0.0,47.73,47.73,3,3.8862948,0.0,0.0,3.8862948,3.8862948
ID550623196,csiro-biomass\train\train\ID550623196.jpg,2015-09-03,Tas,Ryegrass_Clover,0.0826662447421294,-0.5926912915041433,0.0,9,246,-1.1063433941687213,0.30910907793111153,-0.9951981397127253,-0.23921446835169946,1,11,15.9684,4.1107,1.581,17.5494,21.6601,1,2.8313527,1.6313365,0.9481769,2.9204376,3.1206057
ID552040066,csiro-biomass\train\train\ID552040066.jpg,2015-02-24,NSW,Phalaris,-1.8891722434275875,-0.05794557426562025,0.0,2,55,1.8092077073653192,1.0436649430992109,1.536233167618223,1.3985698904808481,0,5,24.108,6.592,0.0,24.108,30.7,2,3.2231865,2.027095,0.0,3.2231865,3.4563167
ID554314721,csiro-biomass\train\train\ID554314721.jpg,2015-01-15,NSW,Lucerne,0.21412214395344323,4.025567175555829,0.0,1,15,1.237315295274428,1.5813971573999728,0.7073061524490798,1.9961531026197616,0,3,50.9,2.7,0.0,50.9,53.6,1,3.949319,1.3083328,0.0,3.949319,4.000034
ID560946727,csiro-biomass\train\train\ID560946727.jpg,2015-09-11,Tas,Ryegrass,0.5427618919817296,-0.38203064686037824,0.0,9,254,-1.1063433941687213,0.30910907793111153,-1.0772560488000007,-0.04211626960247908,1,10,21.0896,13.0842,0.0,21.0896,34.1738,0,3.0951068,2.6450536,0.0,3.0951068,3.5603015
ID566966892,csiro-biomass\train\train\ID566966892.jpg,2015-07-01,Vic,Phalaris_Clover,0.01693829513647212,-0.44685155043909164,0.0,7,182,-0.32512383102100434,-0.9631790015377494,0.34287516972230997,-1.0801177930310104,2,7,15.5429,3.8857,0.9714,16.5143,20.4,4,2.805957,1.5863127,0.67874396,2.8630176,3.063391
ID567744300,csiro-biomass\train\train\ID567744300.jpg,2015-09-03,Tas,Ryegrass_Clover,-0.5746132513144434,-0.5116724540178049,0.0,9,246,-1.1063433941687213,0.30910907793111153,-0.9951981397127253,-0.23921446835169946,1,11,20.6355,2.1953,0.0,20.6355,22.8308,0,3.0743356,1.161681,0.0,3.0743356,3.1709788
ID572336285,csiro-biomass\train\train\ID572336285.jpg,2015-11-09,Tas,Ryegrass_Clover,0.14839419434778667,-0.44685155043909164,0.0,11,313,-0.3251238310210055,1.5813971573999726,-0.8399558928851776,1.4575427432266728,1,11,18.8913,26.1571,22.5242,41.4155,67.5726,2,2.9902825,3.3016386,3.1580298,3.7475138,4.227893
ID574213894,csiro-biomass\train\train\ID574213894.jpg,2015-11-10,Tas,Ryegrass_Clover,1.4629531864609309,0.03928091977774759,0.0,11,314,-0.3251238310210055,1.5813971573999726,-0.8238176129147263,1.4784540565902198,1,11,25.6561,28.8632,31.2684,56.9246,85.7877,4,3.2830179,3.396627,3.4740884,4.059142,4.4634647
ID576137678,csiro-biomass\train\train\ID576137678.jpg,2015-07-01,Tas,Ryegrass,-0.44315735210312884,-0.3496250563957238,0.0,7,182,-0.32512383102100434,-0.9631790015377494,0.34287516972230997,-1.0801177930310104,1,10,12.6389,33.0159,0.0,12.6389,45.6548,3,2.612926,3.526828,0.0,2.612926,3.8427758
ID576621307,csiro-biomass\train\train\ID576621307.jpg,2015-01-15,NSW,Lucerne,0.47703394237607233,5.386738092162979,0.0,1,15,1.237315295274428,1.5813971573999728,0.7073061524490798,1.9961531026197616,0,3,60.2,2.4,0.0,60.2,62.6,0,4.114147,1.2237755,0.0,4.114147,4.1526136
ID577112774,csiro-biomass\train\train\ID577112774.jpg,2015-09-01,WA,SubcloverDalkeith,-1.1004368481597009,-0.6413045385258273,0.0,9,244,-1.1063433941687213,0.30910907793111153,-0.9707063342954942,-0.28649306435006355,3,12,0.0,0.0,10.23,10.23,10.23,0,0.0,0.0,2.4185886,2.4185886,2.4185886
ID587125778,csiro-biomass\train\train\ID587125778.jpg,2015-06-29,Tas,WhiteClover,-0.7717971001314144,-0.5440780444824594,0.0,6,180,0.4560957321267118,-1.160002652405086,0.39414800505292946,-1.0786138157169143,1,14,1.6364,25.3648,4.0911,5.7275,31.0923,1,0.96941435,3.2720299,1.627494,1.9062036,3.4686162
ID588120964,csiro-biomass\train\train\ID588120964.jpg,2015-10-06,NSW,Fescue,0.14839419434778667,0.9791402697467713,0.0,10,279,-0.897016243111896,1.0436649430992109,-1.1584395162161214,0.6199019836281188,0,1,83.9254,35.1746,0.0,83.9254,119.1,3,4.4417734,3.5883572,0.0,4.4417734,4.788325
ID600602588,csiro-biomass\train\train\ID600602588.jpg,2015-08-14,Vic,Phalaris_Clover,0.47703394237607233,-0.3496250563957238,0.0,8,226,-0.8970162431118959,-0.4254467872369877,-0.6852318095167987,-0.6646410467420302,2,7,33.7778,2.1111,2.1111,35.8889,38.0,1,3.5489793,1.1349764,1.1349764,3.6079106,3.6635616
ID605134229,csiro-biomass\train\train\ID605134229.jpg,2015-06-26,Tas,Ryegrass_Clover,-0.18024555368049971,-0.5440780444824594,0.0,6,177,0.4560957321267118,-1.160002652405086,0.47088895990883783,-1.0728915451407008,1,11,3.3755,3.6166,3.6166,6.9921,10.6087,3,1.4760207,1.5296586,1.5296586,2.0784535,2.4517548
ID610397481,csiro-biomass\train\train\ID610397481.jpg,2015-07-08,WA,Clover,-0.245973503286157,-0.6413045385258273,0.0,7,189,-0.32512383102100434,-0.9631790015377494,0.1636690960379408,-1.0708124516088493,3,0,3.0787,0.0,20.6513,23.73,23.73,2,1.4057783,0.0,3.0750656,3.208017,3.208017
ID617132135,csiro-biomass\train\train\ID617132135.jpg,2015-05-19,Tas,Ryegrass_Clover,-1.2318927473710155,-0.44685155043909164,0.0,5,139,1.237315295274428,-0.9631790015377493,1.3436220692273737,-0.6600643841609672,1,11,11.1,4.7,0.8,11.9,16.6,3,2.4932055,1.7404661,0.5877867,2.5572274,2.867899
ID61833032,csiro-biomass\train\train\ID61833032.jpg,2015-06-30,Vic,Phalaris_Clover,0.9371295896156733,-0.27184386116102954,0.0,6,181,0.4560957321267118,-1.160002652405086,0.3685177531083336,-1.079597130931854,2,7,41.4877,19.6123,0.0,41.4877,61.1,0,3.7492146,3.025888,0.0,3.7492146,4.128746
ID6269659,csiro-biomass\train\train\ID6269659.jpg,2015-11-09,Tas,Clover,0.608489841587387,-0.2686062189093853,0.0,11,313,-0.3251238310210055,1.5813971573999726,-0.8399558928851776,1.4575427432266728,1,0,2.3346,16.3424,35.9533,38.2879,54.6304,3,1.2043527,2.8531544,3.609655,3.6709166,4.0187297
ID629980789,csiro-biomass\train\train\ID629980789.jpg,2015-07-01,Vic,Phalaris_Clover,0.7399457407987015,-0.15517206830898808,0.0,7,182,-0.32512383102100434,-0.9631790015377494,0.34287516972230997,-1.0801177930310104,2,7,36.9586,8.0345,1.6069,38.5655,46.6,3,3.636496,2.2010505,0.9581618,3.6779575,3.8628328
ID633775166,csiro-biomass\train\train\ID633775166.jpg,2015-10-13,Vic,Phalaris_BarleyGrass_SilverGrass_SpearGrass_Clover_Capeweed,-1.9549001930332448,-0.32045710818271345,0.0,10,286,-0.897016243111896,1.0436649430992109,-1.1321063693645246,0.8060907655763795,2,6,7.8111,23.277,2.812,10.623,33.9,4,2.1760123,3.1895294,1.338154,2.452986,3.552487
ID638711343,csiro-biomass\train\train\ID638711343.jpg,2015-05-18,Tas,Ryegrass,0.6742177911930441,-0.05794557426562025,0.0,5,138,1.237315295274428,-0.9631790015377493,1.3622288727116874,-0.6415470146262103,1,10,31.3284,4.3212,0.0,31.3285,35.6496,0,3.4759462,1.6716988,0.0,3.475949,3.6014025
ID656251220,csiro-biomass\train\train\ID656251220.jpg,2015-09-11,Tas,Ryegrass,-0.5088853017087861,-0.463059206996121,0.0,9,254,-1.1063433941687213,0.30910907793111153,-1.0772560488000007,-0.04211626960247908,1,10,6.3606,5.3961,3.7538,10.1143,15.5104,3,1.9961414,1.8556885,1.5589442,2.4082325,2.8039904
ID657448172,csiro-biomass\train\train\ID657448172.jpg,2015-06-29,Tas,WhiteClover,-1.7577163442162729,-0.6413045385258273,0.0,6,180,0.4560957321267118,-1.160002652405086,0.39414800505292946,-1.0786138157169143,1,14,0.2,2.9,1.6,1.8,4.7,2,0.18232155,1.3609766,0.95551145,1.0296195,1.7404661
ID661372352,csiro-biomass\train\train\ID661372352.jpg,2015-07-08,WA,Clover,-2.612179689089817,-0.6413045385258273,0.0,7,189,-0.32512383102100434,-0.9631790015377494,0.1636690960379408,-1.0708124516088493,3,0,10.4,0.0,0.0,10.4,10.4,2,2.4336133,0.0,0.0,2.4336133,2.4336133
ID661817669,csiro-biomass\train\train\ID661817669.jpg,2015-07-01,Vic,Phalaris_Clover,0.2798500935591005,-0.44685155043909164,0.0,7,182,-0.32512383102100434,-0.9631790015377494,0.34287516972230997,-1.0801177930310104,2,7,23.3231,13.1192,1.4577,24.7808,37.9,1,3.1914265,2.6475356,0.89922595,3.24963,3.6609943
ID663006174,csiro-biomass\train\train\ID663006174.jpg,2015-01-15,NSW,Lucerne,0.01693829513647212,4.025567175555829,0.0,1,15,1.237315295274428,1.5813971573999728,0.7073061524490798,1.9961531026197616,0,3,44.6,5.8,0.0,44.6,50.4,0,3.8199077,1.9169227,0.0,3.8199077,3.9396381
ID667059550,csiro-biomass\train\train\ID667059550.jpg,2015-08-14,Vic,Phalaris_Clover,0.871401640010016,0.13650741382111545,0.0,8,226,-0.8970162431118959,-0.4254467872369877,-0.6852318095167987,-0.6646410467420302,2,7,52.9941,8.1529,8.1529,61.1471,69.3,1,3.9888747,2.2140708,2.2140708,4.129504,4.252772
ID668330410,csiro-biomass\train\train\ID668330410.jpg,2015-09-11,Tas,Ryegrass,1.068585488826987,-0.2199929718877014,0.0,9,254,-1.1063433941687213,0.30910907793111153,-1.0772560488000007,-0.04211626960247908,1,10,28.9181,19.0828,0.0,28.9181,48.0009,0,3.3984637,2.9998636,0.0,3.3984637,3.8918388
ID668475812,csiro-biomass\train\train\ID668475812.jpg,2015-05-07,NSW,Lucerne,0.8056736904043588,3.3449817172522542,0.0,5,127,1.237315295274428,-0.9631790015377493,1.54553770729765,-0.4171499635673449,0,3,34.0699,52.9301,0.0,34.0699,87.0,4,3.5573432,3.9876888,0.0,3.5573432,4.477337
ID670276799,csiro-biomass\train\train\ID670276799.jpg,2015-01-15,NSW,Fescue_CrumbWeed,0.01693829513647212,-0.15517206830898808,0.0,1,15,1.237315295274428,1.5813971573999728,0.7073061524490798,1.9961531026197616,0,2,21.9057,23.1943,0.0,21.9057,45.1,3,3.1313858,3.1861172,0.0,3.1313858,3.830813
ID679913293,csiro-biomass\train\train\ID679913293.jpg,2015-06-26,Tas,Ryegrass_Clover,-0.8375250497370718,-0.44685155043909164,0.0,6,177,0.4560957321267118,-1.160002652405086,0.47088895990883783,-1.0728915451407008,1,11,6.6526,14.3782,0.2146,6.8672,21.2454,1,2.0350454,2.732951,0.19441481,2.0627022,3.1021352
ID681680726,csiro-biomass\train\train\ID681680726.jpg,2015-08-21,WA,Clover,0.01693829513647212,-0.6413045385258273,0.0,8,233,-0.8970162431118959,-0.4254467872369877,-0.8094171360069519,-0.5287834952669702,3,0,0.0,0.0,45.85,45.85,45.85,4,0.0,0.0,3.846951,3.846951,3.846951
ID684062938,csiro-biomass\train\train\ID684062938.jpg,2015-10-06,NSW,Fescue,-0.37742940249747153,0.6550454745026091,0.0,10,279,-0.897016243111896,1.0436649430992109,-1.1584395162161214,0.6199019836281188,0,1,73.0137,33.5863,0.0,73.0137,106.6,2,4.3042502,3.5434577,0.0,4.3042502,4.6784205
ID684383343,csiro-biomass\train\train\ID684383343.jpg,2015-10-14,Vic,Phalaris_Clover_Ryegrass_Barleygrass_Bromegrass,-1.1661647977653582,-0.3010118093740399,0.0,10,287,-0.897016243111896,1.0436649430992109,-1.1266068697263119,0.8323704327579902,2,8,19.2877,16.7719,11.7404,31.0281,47.8,4,3.0100148,2.8776186,2.544778,3.4666135,3.8877304
ID686797154,csiro-biomass\train\train\ID686797154.jpg,2015-09-03,Tas,Ryegrass_Clover,0.9371295896156733,-0.49546479746077554,0.0,9,246,-1.1063433941687213,0.30910907793111153,-0.9951981397127253,-0.23921446835169946,1,11,23.6424,5.2539,3.5026,27.145,32.3988,0,3.2044685,1.8332052,1.504655,3.3373697,3.50852
ID697059386,csiro-biomass\train\train\ID697059386.jpg,2015-06-29,Tas,WhiteClover,0.0826662447421294,-0.5440780444824594,0.0,6,180,0.4560957321267118,-1.160002652405086,0.39414800505292946,-1.0786138157169143,1,14,0.769,7.8827,10.9589,11.728,19.6107,0,0.57041436,2.1841056,2.4814758,2.5438042,3.0258105
ID697718693,csiro-biomass\train\train\ID697718693.jpg,2015-08-21,WA,Clover,1.0028575392213306,-0.3496250563957238,0.0,8,233,-0.8970162431118959,-0.4254467872369877,-0.8094171360069519,-0.5287834952669702,3,0,0.0,0.0,58.88,58.88,58.88,1,0.0,0.0,4.0923424,4.0923424,4.0923424
ID698608346,csiro-biomass\train\train\ID698608346.jpg,2015-02-25,NSW,Fescue,-0.7060691505257572,0.03928091977774759,0.0,2,56,1.8092077073653192,1.0436649430992109,1.5510528800141143,1.3766106956797473,0,1,38.5191,19.8809,0.0,38.5191,58.4,4,3.676784,3.0388348,0.0,3.676784,4.0842943
ID706288721,csiro-biomass\train\train\ID706288721.jpg,2015-07-01,Tas,Ryegrass,0.9371295896156733,-0.05794557426562025,0.0,7,182,-0.32512383102100434,-0.9631790015377494,0.34287516972230997,-1.0801177930310104,1,10,27.0782,8.8161,0.0,27.0781,35.8943,1,3.3349934,2.284024,0.0,3.33499,3.608057
ID710341728,csiro-biomass\train\train\ID710341728.jpg,2015-01-15,NSW,Fescue_CrumbWeed,1.2000413880383016,0.33096040190785114,0.0,1,15,1.237315295274428,1.5813971573999728,0.7073061524490798,1.9961531026197616,0,2,53.5191,7.9809,0.0,53.5191,61.5,3,3.9985511,2.1951,0.0,3.9985511,4.1351666
ID71885430,csiro-biomass\train\train\ID71885430.jpg,2015-02-25,NSW,Fescue,0.14839419434778667,1.011545860211426,0.0,2,56,1.8092077073653192,1.0436649430992109,1.5510528800141143,1.3766106956797473,0,1,79.834,18.566,0.0,79.834,98.4,3,4.392398,2.9737933,0.0,4.392398,4.599152
ID72895391,csiro-biomass\train\train\ID72895391.jpg,2015-07-02,Vic,Ryegrass_Clover,0.2798500935591005,-0.5440780444824594,0.0,7,183,-0.32512383102100434,-0.9631790015377494,0.3172278429478333,-1.0801756479420925,2,11,8.94,3.9733,1.9867,10.9267,14.9,4,2.296567,1.6040837,1.0941691,2.4787796,2.766319
ID740402124,csiro-biomass\train\train\ID740402124.jpg,2015-09-30,Vic,Phalaris_Clover,0.6742177911930441,0.03928091977774759,0.0,9,273,-1.1063433941687213,0.30910907793111153,-1.1638958307869425,0.45864025501659345,2,7,40.0708,6.3568,18.1624,58.2332,64.59,4,3.7152975,1.995625,2.95295,4.0814824,4.183423
ID742198710,csiro-biomass\train\train\ID742198710.jpg,2015-05-18,Tas,Ryegrass,1.1343134384326443,0.23373390786448328,0.0,5,138,1.237315295274428,-0.9631790015377493,1.3622288727116874,-0.6415470146262103,1,10,40.1485,13.8443,0.0,40.1485,53.9928,4,3.7171874,2.6976159,0.0,3.7171874,4.007202
ID743847993,csiro-biomass\train\train\ID743847993.jpg,2015-06-30,Vic,Phalaris_Clover,1.0028575392213306,-0.2912891599697031,0.0,6,181,0.4560957321267118,-1.160002652405086,0.3685177531083336,-1.079597130931854,2,7,32.5622,17.6378,0.0,32.5622,50.2,2,3.5134003,2.9251919,0.0,3.5134003,3.9357395
ID746335827,csiro-biomass\train\train\ID746335827.jpg,2015-10-06,NSW,Fescue,0.608489841587387,1.6273104149362876,0.0,10,279,-0.897016243111896,1.0436649430992109,-1.1584395162161214,0.6199019836281188,0,1,112.8397,53.2603,0.0,112.8397,166.1,2,4.7347913,3.9937928,0.0,4.7347913,5.1185923
ID748979397,csiro-biomass\train\train\ID748979397.jpg,2015-11-09,Tas,Clover,0.7399457407987015,-0.3658327129527532,0.0,11,313,-0.3251238310210055,1.5813971573999726,-0.8399558928851776,1.4575427432266728,1,0,0.0,18.1125,43.2687,43.2687,61.3813,0,0.0,2.9503424,3.790278,3.790278,4.1332655
ID750820644,csiro-biomass\train\train\ID750820644.jpg,2015-05-18,Tas,Ryegrass,0.5427618919817296,-0.2523985623523559,0.0,5,138,1.237315295274428,-0.9631790015377493,1.3622288727116874,-0.6415470146262103,1,10,28.2559,38.9588,0.0,28.2558,67.2147,0,3.3760812,3.687849,0.0,3.376078,4.22266
ID751517087,csiro-biomass\train\train\ID751517087.jpg,2015-08-18,Vic,Phalaris_Clover,1.3314972872496162,-0.23295326354368234,0.0,8,230,-0.8970162431118959,-0.4254467872369877,-0.7581102109573252,-0.5889239104166735,2,7,43.02,11.95,16.73,59.75,71.7,4,3.7846441,2.5610957,2.8752582,4.106767,4.286341
ID753699705,csiro-biomass\train\train\ID753699705.jpg,2015-02-24,NSW,Ryegrass,0.5427618919817296,0.5254133899945868,0.0,2,55,1.8092077073653192,1.0436649430992109,1.536233167618223,1.3985698904808481,0,10,72.6459,8.1541,0.0,72.6459,80.8,1,4.2992682,2.214202,0.0,4.2992682,4.4042773
ID755710743,csiro-biomass\train\train\ID755710743.jpg,2015-09-11,Tas,Ryegrass,0.0826662447421294,-0.5440780444824594,0.0,9,254,-1.1063433941687213,0.30910907793111153,-1.0772560488000007,-0.04211626960247908,1,10,8.4829,8.2099,2.1841,10.667,18.877,1,2.24949,2.220279,1.1581696,2.4567642,2.9895632
ID761508093,csiro-biomass\train\train\ID761508093.jpg,2015-06-26,Vic,Mixed,0.01693829513647212,-0.3496250563957238,0.0,6,177,0.4560957321267118,-1.160002652405086,0.47088895990883783,-1.0728915451407008,2,4,20.5333,30.8,0.0,20.5333,51.3333,0,3.0696006,3.4594662,0.0,3.0696006,3.957633
ID779628955,csiro-biomass\train\train\ID779628955.jpg,2015-09-01,WA,SubcloverLosa,0.871401640010016,-0.6413045385258273,0.0,9,244,-1.1063433941687213,0.30910907793111153,-0.9707063342954942,-0.28649306435006355,3,13,0.0,0.0,47.32,47.32,47.32,0,0.0,0.0,3.8778455,3.8778455,3.8778455
ID7850481,csiro-biomass\train\train\ID7850481.jpg,2015-09-01,WA,SubcloverLosa,0.21412214395344323,-0.6413045385258273,0.0,9,244,-1.1063433941687213,0.30910907793111153,-0.9707063342954942,-0.28649306435006355,3,13,0.0,0.0,19.57,19.57,19.57,1,0.0,0.0,3.0238338,3.0238338,3.0238338
ID786365141,csiro-biomass\train\train\ID786365141.jpg,2015-05-18,Tas,Ryegrass,-1.6262604450049587,-0.44685155043909164,0.0,5,138,1.237315295274428,-0.9631790015377493,1.3622288727116874,-0.6415470146262103,1,10,6.8,3.3,0.0,6.8,10.1,0,2.0541236,1.4586151,0.0,2.0541236,2.4069452
ID789169173,csiro-biomass\train\train\ID789169173.jpg,2015-04-01,NSW,Lucerne,1.3314972872496162,2.858849247035415,0.0,4,91,1.8092077073653192,-0.42544678723698676,1.8177595006327103,0.4922713985007081,0,3,77.8736,1.2264,0.0,77.8736,79.1,3,4.3678465,0.80038595,0.0,4.3678465,4.383276
ID793526563,csiro-biomass\train\train\ID793526563.jpg,2015-09-29,Vic,Ryegrass_Clover,1.068585488826987,1.011545860211426,0.0,9,272,-1.1063433941687213,0.30910907793111153,-1.1632616744395088,0.43174299076275136,2,11,86.0889,4.5597,16.7414,102.8303,107.39,4,4.4669294,1.7155441,2.875901,4.642758,4.6857357
ID797502182,csiro-biomass\train\train\ID797502182.jpg,2015-07-01,Tas,Ryegrass,-1.494804545793644,-0.44685155043909164,0.0,7,182,-0.32512383102100434,-0.9631790015377494,0.34287516972230997,-1.0801177930310104,1,10,6.9746,12.6079,0.0,6.9746,19.5825,0,2.0762615,2.6106505,0.0,2.0762615,3.0244412
ID799079114,csiro-biomass\train\train\ID799079114.jpg,2015-07-01,Tas,Ryegrass,-0.8375250497370718,-0.3496250563957238,0.0,7,182,-0.32512383102100434,-0.9631790015377494,0.34287516972230997,-1.0801177930310104,1,10,8.0022,19.7501,0.0,8.0022,27.7523,1,2.197469,3.032551,0.0,2.197469,3.3587177
ID802547515,csiro-biomass\train\train\ID802547515.jpg,2015-05-19,Tas,Ryegrass_Clover,0.5427618919817296,-0.3496250563957238,0.0,5,139,1.237315295274428,-0.9631790015377493,1.3436220692273737,-0.6600643841609672,1,11,18.9629,14.5984,0.7525,19.7154,34.3138,4,2.9938755,2.7471683,0.5610433,3.0308774,3.5642738
ID803479541,csiro-biomass\train\train\ID803479541.jpg,2015-06-26,Tas,Ryegrass_Clover,-0.7060691505257572,-0.5440780444824594,0.0,6,177,0.4560957321267118,-1.160002652405086,0.47088895990883783,-1.0728915451407008,1,11,16.2479,22.5374,1.0483,17.2961,39.8335,0,2.8476903,3.1585906,0.7170102,2.906688,3.709503
ID808079729,csiro-biomass\train\train\ID808079729.jpg,2015-09-03,Tas,Ryegrass_Clover,0.7399457407987015,-0.463059206996121,0.0,9,246,-1.1063433941687213,0.30910907793111153,-0.9951981397127253,-0.23921446835169946,1,11,22.1574,8.5464,5.6976,27.855,36.4014,0,3.1423144,2.256164,1.9017493,3.3622832,3.6217082
ID808093827,csiro-biomass\train\train\ID808093827.jpg,2015-11-10,Tas,Ryegrass_Clover,1.5944090856722453,-0.31721946593106926,0.0,11,314,-0.3251238310210055,1.5813971573999726,-0.8238176129147263,1.4784540565902198,1,11,25.2988,6.4251,19.6769,44.9757,51.4008,0,3.2695234,2.0048661,3.0290172,3.828113,3.958922
ID8209776,csiro-biomass\train\train\ID8209776.jpg,2015-06-26,Vic,Phalaris_Ryegrass_Clover,0.9371295896156733,-0.44685155043909164,0.0,6,177,0.4560957321267118,-1.160002652405086,0.47088895990883783,-1.0728915451407008,2,9,12.0333,14.108,9.9586,21.992,36.1,3,2.5675077,2.7152245,2.3941245,3.1351464,3.613617
ID828217731,csiro-biomass\train\train\ID828217731.jpg,2015-06-26,Vic,Ryegrass,0.21412214395344323,-0.3982383034174077,0.0,6,177,0.4560957321267118,-1.160002652405086,0.47088895990883783,-1.0728915451407008,2,10,4.7865,8.7753,0.7978,5.5843,14.3596,4,1.7555276,2.2798588,0.58656365,1.884688,2.7317407
ID839432753,csiro-biomass\train\train\ID839432753.jpg,2015-09-04,Tas,Clover,0.7399457407987015,-0.38203064686037824,0.0,9,247,-1.1063433941687213,0.30910907793111153,-1.006859004576357,-0.21525070083077605,1,0,2.4108,2.7552,24.7968,27.2076,29.9628,0,1.2269468,1.3231416,3.2502506,3.3395915,3.4327865
ID846154859,csiro-biomass\train\train\ID846154859.jpg,2015-09-04,Tas,Clover,-0.245973503286157,-0.463059206996121,0.0,9,247,-1.1063433941687213,0.30910907793111153,-1.006859004576357,-0.21525070083077605,1,0,0.919,7.8112,16.5413,17.4603,25.2715,1,0.6518042,2.1760237,2.864558,2.9156225,3.2684846
ID846984946,csiro-biomass\train\train\ID846984946.jpg,2015-11-09,Tas,Ryegrass_Clover,-2.349267890667188,-0.6250968819687979,0.0,11,313,-0.3251238310210055,1.5813971573999726,-0.8399558928851776,1.4575427432266728,1,11,0.6,8.0,8.4,9.0,17.0,1,0.47000363,2.1972246,2.2407095,2.3025851,2.8903718
ID853954911,csiro-biomass\train\train\ID853954911.jpg,2015-06-26,Vic,Ryegrass,1.265769337643959,-0.15517206830898808,0.0,6,177,0.4560957321267118,-1.160002652405086,0.47088895990883783,-1.0728915451407008,2,10,23.0,26.0,0.0,23.0,49.0,4,3.1780539,3.295837,0.0,3.1780539,3.912023
ID866684633,csiro-biomass\train\train\ID866684633.jpg,2015-07-08,WA,Clover,-0.44315735210312884,-0.6413045385258273,0.0,7,189,-0.32512383102100434,-0.9631790015377494,0.1636690960379408,-1.0708124516088493,3,0,6.4772,0.0,25.4228,31.9,31.9,3,2.0118585,0.0,3.2742274,3.4934728,3.4934728
ID871463897,csiro-biomass\train\train\ID871463897.jpg,2015-01-15,NSW,Fescue_CrumbWeed,0.871401640010016,0.42818689595121895,0.0,1,15,1.237315295274428,1.5813971573999728,0.7073061524490798,1.9961531026197616,0,2,59.7472,19.3547,10.0981,69.8453,89.2,4,4.106721,3.0133119,2.4067738,4.2604985,4.5020294
ID875119737,csiro-biomass\train\train\ID875119737.jpg,2015-08-14,Vic,Ryegrass_Clover,0.4113059927704151,-0.3496250563957238,0.0,8,226,-0.8970162431118959,-0.4254467872369877,-0.6852318095167987,-0.6646410467420302,2,11,23.2,5.8,5.8,29.0,34.8,1,3.1863527,1.9169227,1.9169227,3.4011974,3.5779479
ID885388135,csiro-biomass\train\train\ID885388135.jpg,2015-07-02,Vic,Ryegrass_Clover,0.2798500935591005,-0.3496250563957238,0.0,7,183,-0.32512383102100434,-0.9631790015377494,0.3172278429478333,-1.0801756479420925,2,11,18.6588,4.3059,1.4353,20.0941,24.4,3,2.9785252,1.6688194,0.89006996,3.0489933,3.234749
ID896386823,csiro-biomass\train\train\ID896386823.jpg,2015-09-11,Tas,Ryegrass,-0.11451760407484243,-0.38203064686037824,0.0,9,254,-1.1063433941687213,0.30910907793111153,-1.0772560488000007,-0.04211626960247908,1,10,12.9541,19.7543,2.0794,15.0335,34.7878,2,2.6357734,3.0327535,1.1247348,2.7746804,3.5776072
ID900012207,csiro-biomass\train\train\ID900012207.jpg,2015-02-24,NSW,Ryegrass,-0.5088853017087861,0.33096040190785114,0.0,2,55,1.8092077073653192,1.0436649430992109,1.536233167618223,1.3985698904808481,0,10,36.7522,28.0478,0.0,36.7522,64.8,4,3.6310437,3.3689427,0.0,3.6310437,4.1866198
ID905397692,csiro-biomass\train\train\ID905397692.jpg,2015-09-30,Vic,Phalaris_Clover,1.2000413880383016,0.5254133899945868,0.0,9,273,-1.1063433941687213,0.30910907793111153,-1.1638958307869425,0.45864025501659345,2,7,36.2016,6.1407,30.9177,67.1193,73.26,0,3.6163518,1.9658108,3.4631608,4.2212605,4.3075724
ID908524512,csiro-biomass\train\train\ID908524512.jpg,2015-11-10,Tas,Ryegrass_Clover,0.8056736904043588,-0.43064389388206226,0.0,11,314,-0.3251238310210055,1.5813971573999726,-0.8238176129147263,1.4784540565902198,1,11,17.4087,4.2957,11.3043,28.713,33.0087,3,2.9128234,1.6668952,2.5099487,3.3915846,3.5266163
ID914754166,csiro-biomass\train\train\ID914754166.jpg,2015-10-13,Vic,Phalaris_BarleyGrass_SilverGrass_SpearGrass_Clover_Capeweed,-1.8891722434275875,-0.49546479746077554,0.0,10,286,-0.897016243111896,1.0436649430992109,-1.1321063693645246,0.8060907655763795,2,6,9.3392,14.6759,5.4849,14.8241,29.5,0,2.3359425,2.7521245,1.8694764,2.761534,3.4177268
ID930534670,csiro-biomass\train\train\ID930534670.jpg,2015-06-26,Tas,Ryegrass_Clover,-0.5746132513144434,-0.5440780444824594,0.0,6,177,0.4560957321267118,-1.160002652405086,0.47088895990883783,-1.0728915451407008,1,11,20.3265,10.5572,1.7333,22.0598,32.6169,4,3.0599504,2.4473085,1.0055096,3.1380908,3.515029
ID936984905,csiro-biomass\train\train\ID936984905.jpg,2015-07-01,Vic,Phalaris_Clover,0.871401640010016,-0.2523985623523559,0.0,7,182,-0.32512383102100434,-0.9631790015377494,0.34287516972230997,-1.0801177930310104,2,7,38.3727,4.2636,4.2636,42.6364,46.9,4,3.6730726,1.6608151,1.6608151,3.7758915,3.8691156
ID94564238,csiro-biomass\train\train\ID94564238.jpg,2015-07-02,Vic,Ryegrass_Clover,0.34557804316475776,-0.5440780444824594,0.0,7,183,-0.32512383102100434,-0.9631790015377494,0.3172278429478333,-1.0801756479420925,2,11,9.3154,3.9923,3.9923,13.3077,17.3,1,2.333638,1.6078967,1.6078967,2.6607978,2.9069011
ID950496197,csiro-biomass\train\train\ID950496197.jpg,2015-09-04,Tas,Clover,0.4113059927704151,-0.47925714090374616,0.0,9,247,-1.1063433941687213,0.30910907793111153,-1.006859004576357,-0.21525070083077605,1,0,2.499,3.2487,17.743,20.242,23.4907,0,1.2524773,1.4466131,2.9308205,3.0559804,3.1982934
ID95050718,csiro-biomass\train\train\ID95050718.jpg,2015-06-26,Tas,Ryegrass_Clover,-0.04878965446918516,-0.5440780444824594,0.0,6,177,0.4560957321267118,-1.160002652405086,0.47088895990883783,-1.0728915451407008,1,11,21.3496,15.0024,2.3081,23.6576,38.66,0,3.1068084,2.7727387,1.196374,3.2050853,3.6803432
ID956512130,csiro-biomass\train\train\ID956512130.jpg,2015-11-09,Tas,Ryegrass_Clover,-3.0722753363294175,-0.6413045385258273,0.0,11,313,-0.3251238310210055,1.5813971573999726,-0.8399558928851776,1.4575427432266728,1,11,2.4,1.9,0.0,2.4,4.3,3,1.2237755,1.0647107,0.0,1.2237755,1.6677068
ID963903358,csiro-biomass\train\train\ID963903358.jpg,2015-06-26,Vic,Mixed,-0.04878965446918516,-0.44685155043909164,0.0,6,177,0.4560957321267118,-1.160002652405086,0.47088895990883783,-1.0728915451407008,2,4,13.8293,29.9634,0.0,13.8293,43.7927,1,2.696605,3.4328058,0.0,2.696605,3.802045
ID968643034,csiro-biomass\train\train\ID968643034.jpg,2015-11-10,Tas,Ryegrass_Clover,-1.8234442938219302,-0.47925714090374616,0.0,11,314,-0.3251238310210055,1.5813971573999726,-0.8238176129147263,1.4784540565902198,1,11,9.0,7.6,1.5,10.5,18.1,3,2.3025851,2.1517622,0.91629076,2.442347,2.9496884
ID969218269,csiro-biomass\train\train\ID969218269.jpg,2015-08-18,Vic,Phalaris_Clover,0.608489841587387,-0.3496250563957238,0.0,8,230,-0.8970162431118959,-0.4254467872369877,-0.7581102109573252,-0.5889239104166735,2,7,33.4529,13.5235,1.4235,34.8765,48.4,4,3.5395932,2.6757681,0.8852127,3.5800824,3.8999505
ID972274220,csiro-biomass\train\train\ID972274220.jpg,2015-11-10,Tas,Ryegrass_Clover,-0.6403412009200999,-0.463059206996121,0.0,11,314,-0.3251238310210055,1.5813971573999726,-0.8238176129147263,1.4784540565902198,1,11,7.8767,5.7388,7.4266,15.3034,21.0421,4,2.1834297,1.9078819,2.1313932,2.7913737,3.0929544
ID975115267,csiro-biomass\train\train\ID975115267.jpg,2015-07-08,WA,Clover,0.47703394237607233,-0.44685155043909164,0.0,7,189,-0.32512383102100434,-0.9631790015377494,0.1636690960379408,-1.0708124516088493,3,0,0.8,0.0,40.03,40.83,40.83,1,0.5877867,0.0,3.7143035,3.7336137,3.7336137
ID978026131,csiro-biomass\train\train\ID978026131.jpg,2015-09-04,Tas,Clover,1.1343134384326443,-0.43064389388206226,0.0,9,247,-1.1063433941687213,0.30910907793111153,-1.006859004576357,-0.21525070083077605,1,0,12.0601,4.1948,24.6445,36.7046,40.8994,2,2.5695617,1.6476581,3.2443292,3.6297822,3.7352715
ID980538882,csiro-biomass\train\train\ID980538882.jpg,2015-02-24,NSW,Phalaris,0.21412214395344323,2.081037294688472,0.0,2,55,1.8092077073653192,1.0436649430992109,1.536233167618223,1.3985698904808481,0,5,91.6543,1.1457,0.0,91.6543,92.8,2,4.5288754,0.7634658,0.0,4.5288754,4.541165
ID980878870,csiro-biomass\train\train\ID980878870.jpg,2015-07-08,WA,Clover,0.5427618919817296,-0.5440780444824594,0.0,7,189,-0.32512383102100434,-0.9631790015377494,0.1636690960379408,-1.0708124516088493,3,0,2.0325,0.0,32.3575,34.39,34.39,3,1.1093874,0.0,3.5072825,3.5664294,3.5664294
ID983582017,csiro-biomass\train\train\ID983582017.jpg,2015-09-01,WA,Ryegrass,-0.11451760407484243,0.13650741382111545,0.0,9,244,-1.1063433941687213,0.30910907793111153,-0.9707063342954942,-0.28649306435006355,3,10,40.94,0.0,0.0,40.94,40.94,1,3.73624,0.0,0.0,3.73624,3.73624
